"Meldejahr","STATIONS_ID","Geschlecht","Inzidenz","Jahrestemperatur","Jahresniederschlag","LandkreisID","Kreis","Bevölkerung_Insg","Bevölkerungsentwicklung","Bevölkerung","Bundesland","Wintertemperatur","Wintertemperatur_Vorjahr","Frühlingsniederschlag","Sommerniederschlag","Sommertemperatur","Inzidenz_log","Gesamt_Inzidenz"
2011,"853","männlich",20,9.39,749.8,"14511","Chemnitz, Stadt",248563,-0.05,122678,"Sachsen",0.733333333333333,-3.62,79.5,119.7,15.3533333333333,3.04452243772342,49
2011,"853","weiblich",29,9.39,749.8,"14511","Chemnitz, Stadt",248563,-0.05,125885,"Sachsen",0.733333333333333,-3.62,79.5,119.7,15.3533333333333,3.40119738166216,49
2012,"853","männlich",9,8.78,729.4,"14511","Chemnitz, Stadt",248563,-0.05,122678,"Sachsen",-0.993333333333333,0.733333333333333,76.2,89.2333333333333,15.8,2.30258509299405,24
2012,"853","weiblich",15,8.78,729.4,"14511","Chemnitz, Stadt",248563,-0.05,125885,"Sachsen",-0.993333333333333,0.733333333333333,76.2,89.2333333333333,15.8,2.77258872223978,24
2013,"853","männlich",15,8.11,830,"14511","Chemnitz, Stadt",248563,-0.05,122678,"Sachsen",0.166666666666667,-0.993333333333333,163.9,122.733333333333,15.2866666666667,2.77258872223978,30
2013,"853","weiblich",15,8.11,830,"14511","Chemnitz, Stadt",248563,-0.05,125885,"Sachsen",0.166666666666667,-0.993333333333333,163.9,122.733333333333,15.2866666666667,2.77258872223978,30
2014,"853","männlich",33,10.08,636.7,"14511","Chemnitz, Stadt",248563,-0.05,122678,"Sachsen",2.48333333333333,0.166666666666667,82.55,83.2,15.5266666666667,3.52636052461616,75
2014,"853","weiblich",42,10.08,636.7,"14511","Chemnitz, Stadt",248563,-0.05,125885,"Sachsen",2.48333333333333,0.166666666666667,82.55,83.2,15.5266666666667,3.76120011569356,75
2015,"853","männlich",59,9.83,644.9,"14511","Chemnitz, Stadt",248563,-0.05,122678,"Sachsen",2.83,2.48333333333333,49.05,49.0333333333333,15.9666666666667,4.0943445622221,123
2015,"853","weiblich",64,9.83,644.9,"14511","Chemnitz, Stadt",248563,-0.05,125885,"Sachsen",2.83,2.48333333333333,49.05,49.0333333333333,15.9666666666667,4.17438726989564,123
2016,"853","männlich",64,9.27,729.1,"14511","Chemnitz, Stadt",248563,-0.05,122678,"Sachsen",1.72333333333333,2.83,54.35,70.1666666666667,16.3233333333333,4.17438726989564,138
2016,"853","weiblich",74,9.27,729.1,"14511","Chemnitz, Stadt",248563,-0.05,125885,"Sachsen",1.72333333333333,2.83,54.35,70.1666666666667,16.3233333333333,4.31748811353631,138
2017,"853","männlich",42,9.21,785.2,"14511","Chemnitz, Stadt",248563,-0.05,122678,"Sachsen",0.446666666666667,1.72333333333333,47.05,66.3666666666667,16.5766666666667,3.76120011569356,97
2017,"853","weiblich",55,9.21,785.2,"14511","Chemnitz, Stadt",248563,-0.05,125885,"Sachsen",0.446666666666667,1.72333333333333,47.05,66.3666666666667,16.5766666666667,4.02535169073515,97
2018,"853","männlich",52,10.28,507.5,"14511","Chemnitz, Stadt",248563,-0.05,122678,"Sachsen",1.06,0.446666666666667,44.4,37.2333333333333,17.6966666666667,3.97029191355212,128
2018,"853","weiblich",76,10.28,507.5,"14511","Chemnitz, Stadt",248563,-0.05,125885,"Sachsen",1.06,0.446666666666667,44.4,37.2333333333333,17.6966666666667,4.34380542185368,128
2019,"853","männlich",69,10.27,654.3,"14511","Chemnitz, Stadt",248563,-0.05,122678,"Sachsen",2.31,1.06,40,42.5,16.7066666666667,4.24849524204936,148
2019,"853","weiblich",79,10.27,654.3,"14511","Chemnitz, Stadt",248563,-0.05,125885,"Sachsen",2.31,1.06,40,42.5,16.7066666666667,4.38202663467388,148
2020,"853","männlich",34,10.27,654.5,"14511","Chemnitz, Stadt",248563,-0.05,122678,"Sachsen",3.62333333333333,2.31,61.6,50.3,15.2233333333333,3.55534806148941,62
2020,"853","weiblich",28,10.27,654.5,"14511","Chemnitz, Stadt",248563,-0.05,125885,"Sachsen",3.62333333333333,2.31,61.6,50.3,15.2233333333333,3.36729582998647,62
2021,"853","männlich",54,8.65,838.9,"14511","Chemnitz, Stadt",248563,-0.05,122678,"Sachsen",0.816666666666667,3.62333333333333,96.45,107.7,15.8233333333333,4.00733318523247,135
2021,"853","weiblich",81,8.65,838.9,"14511","Chemnitz, Stadt",248563,-0.05,125885,"Sachsen",0.816666666666667,3.62333333333333,96.45,107.7,15.8233333333333,4.40671924726425,135
2022,"853","männlich",42,10.2,688.5,"14511","Chemnitz, Stadt",248563,-0.05,122678,"Sachsen",2.29666666666667,0.816666666666667,26.9,31.6333333333333,17.4333333333333,3.76120011569356,90
2022,"853","weiblich",48,10.2,688.5,"14511","Chemnitz, Stadt",248563,-0.05,125885,"Sachsen",2.29666666666667,0.816666666666667,26.9,31.6333333333333,17.4333333333333,3.89182029811063,90
2023,"853","männlich",11,10.33,839.9,"14511","Chemnitz, Stadt",248563,-0.05,122678,"Sachsen",2.86,2.29666666666667,47.7,50.9666666666667,16.5466666666667,2.484906649788,36
2023,"853","weiblich",25,10.33,839.9,"14511","Chemnitz, Stadt",248563,-0.05,125885,"Sachsen",2.86,2.29666666666667,47.7,50.9666666666667,16.5466666666667,3.25809653802148,36
2012,"3166","männlich",14,7.22,791.7,"14521","Erzgebirgskreis",328850,-0.22,160991,"Sachsen",-2.57333333333333,-0.546666666666667,70.4,81.2333333333333,14.3833333333333,2.70805020110221,32
2012,"3166","weiblich",18,7.22,791.7,"14521","Erzgebirgskreis",328850,-0.22,167859,"Sachsen",-2.57333333333333,-0.546666666666667,70.4,81.2333333333333,14.3833333333333,2.94443897916644,32
2013,"3166","männlich",35,6.71,1044.3,"14521","Erzgebirgskreis",328850,-0.22,160991,"Sachsen",-1.03,-2.57333333333333,219.15,162.266666666667,13.85,3.58351893845611,62
2013,"3166","weiblich",27,6.71,1044.3,"14521","Erzgebirgskreis",328850,-0.22,167859,"Sachsen",-1.03,-2.57333333333333,219.15,162.266666666667,13.85,3.3322045101752,62
2015,"3166","männlich",31,8.32,757.9,"14521","Erzgebirgskreis",328850,-0.22,160991,"Sachsen",1.45,1.16666666666667,52.8,71.9666666666667,14.2333333333333,3.46573590279973,71
2015,"3166","weiblich",40,8.32,757.9,"14521","Erzgebirgskreis",328850,-0.22,167859,"Sachsen",1.45,1.16666666666667,52.8,71.9666666666667,14.2333333333333,3.71357206670431,71
2016,"3166","männlich",68,7.76,812.7,"14521","Erzgebirgskreis",328850,-0.22,160991,"Sachsen",0.426666666666667,1.45,66.15,71.1,14.8233333333333,4.23410650459726,152
2016,"3166","weiblich",84,7.76,812.7,"14521","Erzgebirgskreis",328850,-0.22,167859,"Sachsen",0.426666666666667,1.45,66.15,71.1,14.8233333333333,4.44265125649032,152
2017,"3166","männlich",56,7.81,873.8,"14521","Erzgebirgskreis",328850,-0.22,160991,"Sachsen",-0.69,0.426666666666667,53.35,76.1666666666667,15.0833333333333,4.04305126783455,128
2017,"3166","weiblich",72,7.81,873.8,"14521","Erzgebirgskreis",328850,-0.22,167859,"Sachsen",-0.69,0.426666666666667,53.35,76.1666666666667,15.0833333333333,4.29045944114839,128
2019,"3166","männlich",84,8.63,827.2,"14521","Erzgebirgskreis",328850,-0.22,160991,"Sachsen",0.836666666666667,-0.593333333333333,80.3,67.5666666666667,14.96,4.44265125649032,200
2019,"3166","weiblich",116,8.63,827.2,"14521","Erzgebirgskreis",328850,-0.22,167859,"Sachsen",0.836666666666667,-0.593333333333333,80.3,67.5666666666667,14.96,4.76217393479776,200
2020,"3166","männlich",70,8.61,775.9,"14521","Erzgebirgskreis",328850,-0.22,160991,"Sachsen",2.14666666666667,0.836666666666667,80.75,65.8333333333333,13.4266666666667,4.26267987704132,153
2020,"3166","weiblich",83,8.61,775.9,"14521","Erzgebirgskreis",328850,-0.22,167859,"Sachsen",2.14666666666667,0.836666666666667,80.75,65.8333333333333,13.4266666666667,4.43081679884331,153
2021,"3166","männlich",60,7.13,999.7,"14521","Erzgebirgskreis",328850,-0.22,160991,"Sachsen",-0.56,2.14666666666667,108.75,144.6,14.28,4.11087386417331,161
2021,"3166","weiblich",101,7.13,999.7,"14521","Erzgebirgskreis",328850,-0.22,167859,"Sachsen",-0.56,2.14666666666667,108.75,144.6,14.28,4.62497281328427,161
2022,"3166","männlich",76,8.48,671.3,"14521","Erzgebirgskreis",328850,-0.22,160991,"Sachsen",0.81,-0.56,37.55,46.9666666666667,15.5766666666667,4.34380542185368,170
2022,"3166","weiblich",94,8.48,671.3,"14521","Erzgebirgskreis",328850,-0.22,167859,"Sachsen",0.81,-0.56,37.55,46.9666666666667,15.5766666666667,4.55387689160054,170
2011,"131","männlich",24,9.51,750.2,"14522","Mittelsachsen",300639,-0.17,149223,"Sachsen",1.15,-3.49333333333333,46.4,112.9,15.58,3.2188758248682,50
2011,"131","weiblich",26,9.51,750.2,"14522","Mittelsachsen",300639,-0.17,151416,"Sachsen",1.15,-3.49333333333333,46.4,112.9,15.58,3.29583686600433,50
2013,"131","männlich",35,8.47,742.8,"14522","Mittelsachsen",300639,-0.17,149223,"Sachsen",0.553333333333333,-0.553333333333333,149.75,109.466666666667,15.71,3.58351893845611,62
2013,"131","weiblich",27,8.47,742.8,"14522","Mittelsachsen",300639,-0.17,151416,"Sachsen",0.553333333333333,-0.553333333333333,149.75,109.466666666667,15.71,3.3322045101752,62
2014,"131","männlich",43,10.19,641.9,"14522","Mittelsachsen",300639,-0.17,149223,"Sachsen",2.52,0.553333333333333,96.3,85.4666666666667,15.7533333333333,3.78418963391826,87
2014,"131","weiblich",44,10.19,641.9,"14522","Mittelsachsen",300639,-0.17,151416,"Sachsen",2.52,0.553333333333333,96.3,85.4666666666667,15.7533333333333,3.80666248977032,87
2015,"131","männlich",31,9.91,626.4,"14522","Mittelsachsen",300639,-0.17,149223,"Sachsen",3.12333333333333,2.52,43.7,53.5,15.7866666666667,3.46573590279973,71
2015,"131","weiblich",40,9.91,626.4,"14522","Mittelsachsen",300639,-0.17,151416,"Sachsen",3.12333333333333,2.52,43.7,53.5,15.7866666666667,3.71357206670431,71
2016,"131","männlich",68,9.42,687.2,"14522","Mittelsachsen",300639,-0.17,149223,"Sachsen",1.77333333333333,3.12333333333333,58.4,55.7666666666667,16.66,4.23410650459726,152
2016,"131","weiblich",84,9.42,687.2,"14522","Mittelsachsen",300639,-0.17,151416,"Sachsen",1.77333333333333,3.12333333333333,58.4,55.7666666666667,16.66,4.44265125649032,152
2017,"131","männlich",56,9.5,709.1,"14522","Mittelsachsen",300639,-0.17,149223,"Sachsen",0.59,1.77333333333333,37.45,50.7333333333333,16.7433333333333,4.04305126783455,128
2017,"131","weiblich",72,9.5,709.1,"14522","Mittelsachsen",300639,-0.17,151416,"Sachsen",0.59,1.77333333333333,37.45,50.7333333333333,16.7433333333333,4.29045944114839,128
2018,"131","männlich",58,10.41,432.2,"14522","Mittelsachsen",300639,-0.17,149223,"Sachsen",1.52666666666667,0.59,25.75,25.5666666666667,17.9166666666667,4.07753744390572,139
2018,"131","weiblich",81,10.41,432.2,"14522","Mittelsachsen",300639,-0.17,151416,"Sachsen",1.52666666666667,0.59,25.75,25.5666666666667,17.9166666666667,4.40671924726425,139
2019,"131","männlich",84,10.46,629,"14522","Mittelsachsen",300639,-0.17,149223,"Sachsen",2.63,1.52666666666667,49.3,41.1666666666667,16.85,4.44265125649032,200
2019,"131","weiblich",116,10.46,629,"14522","Mittelsachsen",300639,-0.17,151416,"Sachsen",2.63,1.52666666666667,49.3,41.1666666666667,16.85,4.76217393479776,200
2020,"131","männlich",70,10.5,678.4,"14522","Mittelsachsen",300639,-0.17,149223,"Sachsen",3.97666666666667,2.63,62.15,50.8,15.6033333333333,4.26267987704132,153
2020,"131","weiblich",83,10.5,678.4,"14522","Mittelsachsen",300639,-0.17,151416,"Sachsen",3.97666666666667,2.63,62.15,50.8,15.6033333333333,4.43081679884331,153
2021,"131","männlich",60,8.91,896,"14522","Mittelsachsen",300639,-0.17,149223,"Sachsen",0.93,3.97666666666667,99.55,97.0666666666667,16.21,4.11087386417331,161
2021,"131","weiblich",101,8.91,896,"14522","Mittelsachsen",300639,-0.17,151416,"Sachsen",0.93,3.97666666666667,99.55,97.0666666666667,16.21,4.62497281328427,161
2022,"131","männlich",76,10.43,593.7,"14522","Mittelsachsen",300639,-0.17,149223,"Sachsen",2.76666666666667,0.93,22.7,32.7333333333333,17.5633333333333,4.34380542185368,170
2022,"131","weiblich",94,10.43,593.7,"14522","Mittelsachsen",300639,-0.17,151416,"Sachsen",2.76666666666667,0.93,22.7,32.7333333333333,17.5633333333333,4.55387689160054,170
2011,"3946","männlich",18,9.03,580.1,"14523","Vogtlandkreis",222666,-0.2,108488,"Sachsen",0.586666666666667,-3.57333333333333,54.6,77.0666666666667,15.3066666666667,2.94443897916644,43
2011,"3946","weiblich",25,9.03,580.1,"14523","Vogtlandkreis",222666,-0.2,114178,"Sachsen",0.586666666666667,-3.57333333333333,54.6,77.0666666666667,15.3066666666667,3.25809653802148,43
2013,"3946","männlich",15,8.12,647.7,"14523","Vogtlandkreis",222666,-0.2,108488,"Sachsen",0.13,-0.95,131.7,99.7333333333333,15.42,2.77258872223978,41
2013,"3946","weiblich",26,8.12,647.7,"14523","Vogtlandkreis",222666,-0.2,114178,"Sachsen",0.13,-0.95,131.7,99.7333333333333,15.42,3.29583686600433,41
2014,"3946","männlich",33,9.77,547.5,"14523","Vogtlandkreis",222666,-0.2,108488,"Sachsen",2.29333333333333,0.13,43,67.9666666666667,15.6333333333333,3.52636052461616,87
2014,"3946","weiblich",54,9.77,547.5,"14523","Vogtlandkreis",222666,-0.2,114178,"Sachsen",2.29333333333333,0.13,43,67.9666666666667,15.6333333333333,4.00733318523247,87
2015,"3946","männlich",54,9.65,457.8,"14523","Vogtlandkreis",222666,-0.2,108488,"Sachsen",2.57333333333333,2.29333333333333,41.2,41,16.0333333333333,4.00733318523247,120
2015,"3946","weiblich",66,9.65,457.8,"14523","Vogtlandkreis",222666,-0.2,114178,"Sachsen",2.57333333333333,2.29333333333333,41.2,41,16.0333333333333,4.20469261939097,120
2016,"3946","männlich",77,9,644.5,"14523","Vogtlandkreis",222666,-0.2,108488,"Sachsen",1.33666666666667,2.57333333333333,82.6,84.3,16.2433333333333,4.35670882668959,191
2016,"3946","weiblich",114,9,644.5,"14523","Vogtlandkreis",222666,-0.2,114178,"Sachsen",1.33666666666667,2.57333333333333,82.6,84.3,16.2433333333333,4.74493212836325,191
2017,"3946","männlich",73,9.05,686.2,"14523","Vogtlandkreis",222666,-0.2,108488,"Sachsen",0.0633333333333333,1.33666666666667,65.6,78.6666666666667,16.6066666666667,4.30406509320417,174
2017,"3946","weiblich",101,9.05,686.2,"14523","Vogtlandkreis",222666,-0.2,114178,"Sachsen",0.0633333333333333,1.33666666666667,65.6,78.6666666666667,16.6066666666667,4.62497281328427,174
2019,"3946","männlich",114,9.73,500.8,"14523","Vogtlandkreis",222666,-0.2,108488,"Sachsen",1.78333333333333,1.01666666666667,38,39.9333333333333,16.46,4.74493212836325,263
2019,"3946","weiblich",149,9.73,500.8,"14523","Vogtlandkreis",222666,-0.2,114178,"Sachsen",1.78333333333333,1.01666666666667,38,39.9333333333333,16.46,5.01063529409626,263
2020,"3946","männlich",65,9.63,614.6,"14523","Vogtlandkreis",222666,-0.2,108488,"Sachsen",3.11,1.78333333333333,104.2,79.2,14.86,4.18965474202643,183
2020,"3946","weiblich",118,9.63,614.6,"14523","Vogtlandkreis",222666,-0.2,114178,"Sachsen",3.11,1.78333333333333,104.2,79.2,14.86,4.77912349311153,183
2021,"3946","männlich",89,8.46,698.2,"14523","Vogtlandkreis",222666,-0.2,108488,"Sachsen",0.5,3.11,68.9,94.7333333333333,15.85,4.49980967033027,218
2021,"3946","weiblich",129,8.46,698.2,"14523","Vogtlandkreis",222666,-0.2,114178,"Sachsen",0.5,3.11,68.9,94.7333333333333,15.85,4.86753445045558,218
2022,"3946","männlich",75,9.93,484.4,"14523","Vogtlandkreis",222666,-0.2,108488,"Sachsen",2.20666666666667,0.5,13.45,25.5,17.5366666666667,4.33073334028633,198
2022,"3946","weiblich",123,9.93,484.4,"14523","Vogtlandkreis",222666,-0.2,114178,"Sachsen",2.20666666666667,0.5,13.45,25.5,17.5366666666667,4.82028156560504,198
2023,"3946","männlich",71,10.04,638.4,"14523","Vogtlandkreis",222666,-0.2,108488,"Sachsen",2.75333333333333,2.20666666666667,43.5,53.1333333333333,16.3266666666667,4.27666611901606,188
2023,"3946","weiblich",117,10.04,638.4,"14523","Vogtlandkreis",222666,-0.2,114178,"Sachsen",2.75333333333333,2.20666666666667,43.5,53.1333333333333,16.3266666666667,4.77068462446567,188
2011,"222","männlich",14,9.16,729.8,"14524","Zwickau",310838,-0.19,151813,"Sachsen",1.09333333333333,-3.32,63.85,95.5,15.1733333333333,2.70805020110221,36
2011,"222","weiblich",22,9.16,729.8,"14524","Zwickau",310838,-0.19,159025,"Sachsen",1.09333333333333,-3.32,63.85,95.5,15.1733333333333,3.13549421592915,36
2012,"222","männlich",5,8.67,844.6,"14524","Zwickau",310838,-0.19,151813,"Sachsen",-0.696666666666667,1.09333333333333,80.2,84.3,15.85,1.79175946922805,25
2012,"222","weiblich",20,8.67,844.6,"14524","Zwickau",310838,-0.19,159025,"Sachsen",-0.696666666666667,1.09333333333333,80.2,84.3,15.85,3.04452243772342,25
2013,"222","männlich",6,8.22,985.4,"14524","Zwickau",310838,-0.19,151813,"Sachsen",0.56,-0.696666666666667,189.1,139.6,15.25,1.94591014905531,29
2013,"222","weiblich",23,8.22,985.4,"14524","Zwickau",310838,-0.19,159025,"Sachsen",0.56,-0.696666666666667,189.1,139.6,15.25,3.17805383034795,29
2014,"222","männlich",17,9.98,744.8,"14524","Zwickau",310838,-0.19,151813,"Sachsen",2.88333333333333,0.56,89.5,112.1,15.3866666666667,2.89037175789616,32
2014,"222","weiblich",15,9.98,744.8,"14524","Zwickau",310838,-0.19,159025,"Sachsen",2.88333333333333,0.56,89.5,112.1,15.3866666666667,2.77258872223978,32
2015,"222","männlich",20,9.7,766.6,"14524","Zwickau",310838,-0.19,151813,"Sachsen",2.94333333333333,2.88333333333333,53.8,72.2333333333333,15.8566666666667,3.04452243772342,44
2015,"222","weiblich",24,9.7,766.6,"14524","Zwickau",310838,-0.19,159025,"Sachsen",2.94333333333333,2.88333333333333,53.8,72.2333333333333,15.8566666666667,3.2188758248682,44
2016,"222","männlich",29,9.13,877.2,"14524","Zwickau",310838,-0.19,151813,"Sachsen",1.82666666666667,2.94333333333333,109.05,111.166666666667,16.08,3.40119738166216,63
2016,"222","weiblich",34,9.13,877.2,"14524","Zwickau",310838,-0.19,159025,"Sachsen",1.82666666666667,2.94333333333333,109.05,111.166666666667,16.08,3.55534806148941,63
2017,"222","männlich",25,9.16,909.2,"14524","Zwickau",310838,-0.19,151813,"Sachsen",0.506666666666667,1.82666666666667,60.65,76.8333333333333,16.4933333333333,3.25809653802148,59
2017,"222","weiblich",34,9.16,909.2,"14524","Zwickau",310838,-0.19,159025,"Sachsen",0.506666666666667,1.82666666666667,60.65,76.8333333333333,16.4933333333333,3.55534806148941,59
2018,"222","männlich",27,9.99,649,"14524","Zwickau",310838,-0.19,151813,"Sachsen",1.23333333333333,0.506666666666667,76.05,56.9,17.22,3.3322045101752,51
2018,"222","weiblich",24,9.99,649,"14524","Zwickau",310838,-0.19,159025,"Sachsen",1.23333333333333,0.506666666666667,76.05,56.9,17.22,3.2188758248682,51
2019,"222","männlich",34,9.98,749.9,"14524","Zwickau",310838,-0.19,151813,"Sachsen",2.19,1.23333333333333,58.8,59.6333333333333,16.4,3.55534806148941,79
2019,"222","weiblich",45,9.98,749.9,"14524","Zwickau",310838,-0.19,159025,"Sachsen",2.19,1.23333333333333,58.8,59.6333333333333,16.4,3.8286413964891,79
2020,"222","männlich",31,9.99,756.9,"14524","Zwickau",310838,-0.19,151813,"Sachsen",3.79666666666667,2.19,91.35,73.6,14.93,3.46573590279973,88
2020,"222","weiblich",57,9.99,756.9,"14524","Zwickau",310838,-0.19,159025,"Sachsen",3.79666666666667,2.19,91.35,73.6,14.93,4.06044301054642,88
2021,"222","männlich",55,8.5,936.6,"14524","Zwickau",310838,-0.19,151813,"Sachsen",0.986666666666667,3.79666666666667,105.75,127.966666666667,15.67,4.02535169073515,110
2021,"222","weiblich",55,8.5,936.6,"14524","Zwickau",310838,-0.19,159025,"Sachsen",0.986666666666667,3.79666666666667,105.75,127.966666666667,15.67,4.02535169073515,110
2022,"222","männlich",29,9.87,774.6,"14524","Zwickau",310838,-0.19,151813,"Sachsen",2.57333333333333,0.986666666666667,42.35,45.9333333333333,17.04,3.40119738166216,80
2022,"222","weiblich",51,9.87,774.6,"14524","Zwickau",310838,-0.19,159025,"Sachsen",2.57333333333333,0.986666666666667,42.35,45.9333333333333,17.04,3.95124371858143,80
2023,"222","männlich",41,10.29,894.1,"14524","Zwickau",310838,-0.19,151813,"Sachsen",3.17666666666667,2.57333333333333,52.9,55,16.36,3.73766961828337,101
2023,"222","weiblich",60,10.29,894.1,"14524","Zwickau",310838,-0.19,159025,"Sachsen",3.17666666666667,2.57333333333333,52.9,55,16.36,4.11087386417331,101
2011,"1050","männlich",104,10.56,669.7,"14625","Bautzen",297711,-0.17,146982,"Sachsen",2.29333333333333,-2.15666666666667,53.3,111.033333333333,16.92,4.65396035015752,263
2011,"1050","weiblich",159,10.56,669.7,"14625","Bautzen",297711,-0.17,150729,"Sachsen",2.29333333333333,-2.15666666666667,53.3,111.033333333333,16.92,5.07517381523383,263
2012,"1050","männlich",47,10.13,670.8,"14625","Bautzen",297711,-0.17,146982,"Sachsen",0.523333333333333,2.29333333333333,59.35,78.2666666666667,17.4933333333333,3.87120101090789,115
2012,"1050","weiblich",68,10.13,670.8,"14625","Bautzen",297711,-0.17,150729,"Sachsen",0.523333333333333,2.29333333333333,59.35,78.2666666666667,17.4933333333333,4.23410650459726,115
2014,"1050","männlich",80,11.47,568.9,"14625","Bautzen",297711,-0.17,146982,"Sachsen",3.78,1.62666666666667,60.85,76.1,17.3333333333333,4.39444915467244,207
2014,"1050","weiblich",127,11.47,568.9,"14625","Bautzen",297711,-0.17,150729,"Sachsen",3.78,1.62666666666667,60.85,76.1,17.3333333333333,4.85203026391962,207
2015,"1050","männlich",86,11.38,620.4,"14625","Bautzen",297711,-0.17,146982,"Sachsen",4.43666666666667,3.78,51.5,48,17.4033333333333,4.46590811865458,198
2015,"1050","weiblich",112,11.38,620.4,"14625","Bautzen",297711,-0.17,150729,"Sachsen",4.43666666666667,3.78,51.5,48,17.4033333333333,4.72738781871234,198
2016,"1050","männlich",115,10.61,685.9,"14625","Bautzen",297711,-0.17,146982,"Sachsen",2.92,4.43666666666667,78.7,81.5333333333333,17.8833333333333,4.75359019110636,305
2016,"1050","weiblich",190,10.61,685.9,"14625","Bautzen",297711,-0.17,150729,"Sachsen",2.92,4.43666666666667,78.7,81.5333333333333,17.8833333333333,5.25227342804663,305
2017,"1050","männlich",127,10.72,631.2,"14625","Bautzen",297711,-0.17,146982,"Sachsen",1.76333333333333,2.92,43.3,64.7666666666667,18.1733333333333,4.85203026391962,295
2017,"1050","weiblich",168,10.72,631.2,"14625","Bautzen",297711,-0.17,150729,"Sachsen",1.76333333333333,2.92,43.3,64.7666666666667,18.1733333333333,5.12989871492307,295
2019,"1050","männlich",127,11.64,526.8,"14625","Bautzen",297711,-0.17,146982,"Sachsen",3.37,2.54333333333333,66.4,56.7,18.2766666666667,4.85203026391962,290
2019,"1050","weiblich",163,11.64,526.8,"14625","Bautzen",297711,-0.17,150729,"Sachsen",3.37,2.54333333333333,66.4,56.7,18.2766666666667,5.0998664278242,290
2020,"1050","männlich",153,11.51,611.7,"14625","Bautzen",297711,-0.17,146982,"Sachsen",4.93,3.37,77.55,63.9333333333333,16.8766666666667,5.03695260241363,355
2020,"1050","weiblich",202,11.51,611.7,"14625","Bautzen",297711,-0.17,150729,"Sachsen",4.93,3.37,77.55,63.9333333333333,16.8766666666667,5.31320597904179,355
2021,"1050","männlich",133,10.15,714.7,"14625","Bautzen",297711,-0.17,146982,"Sachsen",1.87666666666667,4.93,84.45,92.4666666666667,17.8333333333333,4.89783979995091,323
2021,"1050","weiblich",190,10.15,714.7,"14625","Bautzen",297711,-0.17,150729,"Sachsen",1.87666666666667,4.93,84.45,92.4666666666667,17.8333333333333,5.25227342804663,323
2022,"1050","männlich",67,11.41,464.9,"14625","Bautzen",297711,-0.17,146982,"Sachsen",4.04666666666667,1.87666666666667,25.7,21.7333333333333,18.92,4.21950770517611,178
2022,"1050","weiblich",111,11.41,464.9,"14625","Bautzen",297711,-0.17,150729,"Sachsen",4.04666666666667,1.87666666666667,25.7,21.7333333333333,18.92,4.71849887129509,178
2023,"1050","männlich",73,11.68,700,"14625","Bautzen",297711,-0.17,146982,"Sachsen",4.46666666666667,4.04666666666667,50.95,52.8,17.8,4.30406509320417,201
2023,"1050","weiblich",128,11.68,700,"14625","Bautzen",297711,-0.17,150729,"Sachsen",4.46666666666667,4.04666666666667,50.95,52.8,17.8,4.85981240436167,201
2011,"314","männlich",64,10.05,682.5,"14612","Dresden, Stadt",563311,0.06,279338,"Sachsen",1.30666666666667,-3.34,47.1,108.733333333333,16.39,4.17438726989564,144
2011,"314","weiblich",80,10.05,682.5,"14612","Dresden, Stadt",563311,0.06,283973,"Sachsen",1.30666666666667,-3.34,47.1,108.733333333333,16.39,4.39444915467244,144
2012,"314","männlich",28,9.46,784.2,"14612","Dresden, Stadt",563311,0.06,279338,"Sachsen",-0.766666666666667,1.30666666666667,85.25,101.4,16.6833333333333,3.36729582998647,66
2012,"314","weiblich",38,9.46,784.2,"14612","Dresden, Stadt",563311,0.06,283973,"Sachsen",-0.766666666666667,1.30666666666667,85.25,101.4,16.6833333333333,3.66356164612965,66
2013,"314","männlich",35,8.9,752.5,"14612","Dresden, Stadt",563311,0.06,279338,"Sachsen",0.61,-0.766666666666667,148.8,114.3,16.33,3.58351893845611,82
2013,"314","weiblich",47,8.9,752.5,"14612","Dresden, Stadt",563311,0.06,283973,"Sachsen",0.61,-0.766666666666667,148.8,114.3,16.33,3.87120101090789,82
2014,"314","männlich",25,10.8,625.9,"14612","Dresden, Stadt",563311,0.06,279338,"Sachsen",2.94666666666667,0.61,76.45,93.0333333333333,16.61,3.25809653802148,60
2014,"314","weiblich",35,10.8,625.9,"14612","Dresden, Stadt",563311,0.06,283973,"Sachsen",2.94666666666667,0.61,76.45,93.0333333333333,16.61,3.58351893845611,60
2015,"314","männlich",32,10.8,584.8,"14612","Dresden, Stadt",563311,0.06,279338,"Sachsen",3.66666666666667,2.94666666666667,48.65,54.9666666666667,16.7166666666667,3.49650756146648,74
2015,"314","weiblich",42,10.8,584.8,"14612","Dresden, Stadt",563311,0.06,283973,"Sachsen",3.66666666666667,2.94666666666667,48.65,54.9666666666667,16.7166666666667,3.76120011569356,74
2016,"314","männlich",55,10.06,705.8,"14612","Dresden, Stadt",563311,0.06,279338,"Sachsen",2.30666666666667,3.66666666666667,58.25,80.9,17.3,4.02535169073515,118
2016,"314","weiblich",63,10.06,705.8,"14612","Dresden, Stadt",563311,0.06,283973,"Sachsen",2.30666666666667,3.66666666666667,58.25,80.9,17.3,4.15888308335967,118
2017,"314","männlich",55,10.04,778,"14612","Dresden, Stadt",563311,0.06,279338,"Sachsen",0.926666666666667,2.30666666666667,82.5,94.6,17.1633333333333,4.02535169073515,127
2017,"314","weiblich",72,10.04,778,"14612","Dresden, Stadt",563311,0.06,283973,"Sachsen",0.926666666666667,2.30666666666667,82.5,94.6,17.1633333333333,4.29045944114839,127
2018,"314","männlich",61,11.05,402.4,"14612","Dresden, Stadt",563311,0.06,279338,"Sachsen",1.57333333333333,0.926666666666667,26.9,25.9333333333333,18.55,4.12713438504509,139
2018,"314","weiblich",78,11.05,402.4,"14612","Dresden, Stadt",563311,0.06,283973,"Sachsen",1.57333333333333,0.926666666666667,26.9,25.9333333333333,18.55,4.36944785246702,139
2019,"314","männlich",36,11.25,544.5,"14612","Dresden, Stadt",563311,0.06,279338,"Sachsen",3.12666666666667,1.57333333333333,68.9,57,17.7133333333333,3.61091791264422,100
2019,"314","weiblich",64,11.25,544.5,"14612","Dresden, Stadt",563311,0.06,283973,"Sachsen",3.12666666666667,1.57333333333333,68.9,57,17.7133333333333,4.17438726989564,100
2020,"314","männlich",35,10.99,657.6,"14612","Dresden, Stadt",563311,0.06,279338,"Sachsen",4.2,3.12666666666667,65.25,53.1333333333333,16.2433333333333,3.58351893845611,74
2020,"314","weiblich",39,10.99,657.6,"14612","Dresden, Stadt",563311,0.06,283973,"Sachsen",4.2,3.12666666666667,65.25,53.1333333333333,16.2433333333333,3.68887945411394,74
2022,"314","männlich",21,10.91,591.7,"14612","Dresden, Stadt",563311,0.06,279338,"Sachsen",3.00333333333333,1.21666666666667,46.35,42.4333333333333,18.2366666666667,3.09104245335832,53
2022,"314","weiblich",32,10.91,591.7,"14612","Dresden, Stadt",563311,0.06,283973,"Sachsen",3.00333333333333,1.21666666666667,46.35,42.4333333333333,18.2366666666667,3.49650756146648,53
2023,"314","männlich",23,11.13,731.9,"14612","Dresden, Stadt",563311,0.06,279338,"Sachsen",3.61,3.00333333333333,44.75,44.1,17.1566666666667,3.17805383034795,49
2023,"314","weiblich",26,11.13,731.9,"14612","Dresden, Stadt",563311,0.06,283973,"Sachsen",3.61,3.00333333333333,44.75,44.1,17.1566666666667,3.29583686600433,49
2011,"1684","männlich",89,9.62,617.9,"14626","Görlitz",249681,-0.18,122032,"Sachsen",0.726666666666667,-3.85,41.15,91.4,16.32,4.49980967033027,200
2011,"1684","weiblich",111,9.62,617.9,"14626","Görlitz",249681,-0.18,127649,"Sachsen",0.726666666666667,-3.85,41.15,91.4,16.32,4.71849887129509,200
2012,"1684","männlich",49,9.12,802.5,"14626","Görlitz",249681,-0.18,122032,"Sachsen",-1.13666666666667,0.726666666666667,83.1,103.2,16.63,3.91202300542815,125
2012,"1684","weiblich",76,9.12,802.5,"14626","Görlitz",249681,-0.18,127649,"Sachsen",-1.13666666666667,0.726666666666667,83.1,103.2,16.63,4.34380542185368,125
2013,"1684","männlich",55,8.71,699.3,"14626","Görlitz",249681,-0.18,122032,"Sachsen",0.306666666666667,-1.13666666666667,127.85,109.366666666667,16.44,4.02535169073515,116
2013,"1684","weiblich",61,8.71,699.3,"14626","Görlitz",249681,-0.18,127649,"Sachsen",0.306666666666667,-1.13666666666667,127.85,109.366666666667,16.44,4.12713438504509,116
2014,"1684","männlich",45,10.36,672.8,"14626","Görlitz",249681,-0.18,122032,"Sachsen",2.41666666666667,0.306666666666667,95.75,101.666666666667,16.37,3.8286413964891,88
2014,"1684","weiblich",43,10.36,672.8,"14626","Görlitz",249681,-0.18,127649,"Sachsen",2.41666666666667,0.306666666666667,95.75,101.666666666667,16.37,3.78418963391826,88
2015,"1684","männlich",19,10.32,515.7,"14626","Görlitz",249681,-0.18,122032,"Sachsen",3.02,2.41666666666667,45.65,44.4666666666667,16.3133333333333,2.99573227355399,45
2015,"1684","weiblich",26,10.32,515.7,"14626","Görlitz",249681,-0.18,127649,"Sachsen",3.02,2.41666666666667,45.65,44.4666666666667,16.3133333333333,3.29583686600433,45
2016,"1684","männlich",23,9.56,692.5,"14626","Görlitz",249681,-0.18,122032,"Sachsen",1.45333333333333,3.02,60.35,75.4333333333333,17.0866666666667,3.17805383034795,64
2016,"1684","weiblich",41,9.56,692.5,"14626","Görlitz",249681,-0.18,127649,"Sachsen",1.45333333333333,3.02,60.35,75.4333333333333,17.0866666666667,3.73766961828337,64
2017,"1684","männlich",42,9.57,683.4,"14626","Görlitz",249681,-0.18,122032,"Sachsen",0.256666666666667,1.45333333333333,45.5,64,17.0166666666667,3.76120011569356,74
2017,"1684","weiblich",32,9.57,683.4,"14626","Görlitz",249681,-0.18,127649,"Sachsen",0.256666666666667,1.45333333333333,45.5,64,17.0166666666667,3.49650756146648,74
2018,"1684","männlich",77,10.69,392,"14626","Görlitz",249681,-0.18,122032,"Sachsen",1.10666666666667,0.256666666666667,22.15,27.0666666666667,18.4666666666667,4.35670882668959,158
2018,"1684","weiblich",81,10.69,392,"14626","Görlitz",249681,-0.18,127649,"Sachsen",1.10666666666667,0.256666666666667,22.15,27.0666666666667,18.4666666666667,4.40671924726425,158
2019,"1684","männlich",79,10.76,524.5,"14626","Görlitz",249681,-0.18,122032,"Sachsen",2.44,1.10666666666667,63.8,57.3,17.4966666666667,4.38202663467388,180
2019,"1684","weiblich",101,10.76,524.5,"14626","Görlitz",249681,-0.18,127649,"Sachsen",2.44,1.10666666666667,63.8,57.3,17.4966666666667,4.62497281328427,180
2020,"1684","männlich",26,10.5,666.2,"14626","Görlitz",249681,-0.18,122032,"Sachsen",3.62666666666667,2.44,82.85,62.3333333333333,15.91,3.29583686600433,61
2020,"1684","weiblich",35,10.5,666.2,"14626","Görlitz",249681,-0.18,127649,"Sachsen",3.62666666666667,2.44,82.85,62.3333333333333,15.91,3.58351893845611,61
2021,"1684","männlich",20,9.17,676,"14626","Görlitz",249681,-0.18,122032,"Sachsen",0.423333333333333,3.62666666666667,72.95,101.9,16.9066666666667,3.04452243772342,42
2021,"1684","weiblich",22,9.17,676,"14626","Görlitz",249681,-0.18,127649,"Sachsen",0.423333333333333,3.62666666666667,72.95,101.9,16.9066666666667,3.13549421592915,42
2022,"1684","männlich",17,10.37,497.6,"14626","Görlitz",249681,-0.18,122032,"Sachsen",2.58333333333333,0.423333333333333,52.4,45.6333333333333,17.8066666666667,2.89037175789616,41
2022,"1684","weiblich",24,10.37,497.6,"14626","Görlitz",249681,-0.18,127649,"Sachsen",2.58333333333333,0.423333333333333,52.4,45.6333333333333,17.8066666666667,3.2188758248682,41
2023,"1684","männlich",20,10.79,761.1,"14626","Görlitz",249681,-0.18,122032,"Sachsen",3.2,2.58333333333333,41,40.5666666666667,17.0966666666667,3.04452243772342,41
2023,"1684","weiblich",21,10.79,761.1,"14626","Görlitz",249681,-0.18,127649,"Sachsen",3.2,2.58333333333333,41,40.5666666666667,17.0966666666667,3.09104245335832,41
2011,"3234","männlich",50,9.66,716.5,"14627","Meißen",241343,-0.11,118391,"Sachsen",1.83666666666667,-2.94333333333333,35,98.4666666666667,15.8333333333333,3.93182563272433,138
2011,"3234","weiblich",88,9.66,716.5,"14627","Meißen",241343,-0.11,122952,"Sachsen",1.83666666666667,-2.94333333333333,35,98.4666666666667,15.8333333333333,4.48863636973214,138
2012,"3234","männlich",51,9.45,617.4,"14627","Meißen",241343,-0.11,118391,"Sachsen",0.203333333333333,1.83666666666667,63.35,70.7,16.61,3.95124371858143,115
2012,"3234","weiblich",64,9.45,617.4,"14627","Meißen",241343,-0.11,122952,"Sachsen",0.203333333333333,1.83666666666667,63.35,70.7,16.61,4.17438726989564,115
2013,"3234","männlich",43,8.91,733,"14627","Meißen",241343,-0.11,118391,"Sachsen",0.993333333333333,0.203333333333333,163.3,117.633333333333,16.2233333333333,3.78418963391826,123
2013,"3234","weiblich",80,8.91,733,"14627","Meißen",241343,-0.11,122952,"Sachsen",0.993333333333333,0.203333333333333,163.3,117.633333333333,16.2233333333333,4.39444915467244,123
2014,"3234","männlich",55,10.48,641.4,"14627","Meißen",241343,-0.11,118391,"Sachsen",2.99,0.993333333333333,76.5,100.6,16.2133333333333,4.02535169073515,117
2014,"3234","weiblich",62,10.48,641.4,"14627","Meißen",241343,-0.11,122952,"Sachsen",2.99,0.993333333333333,76.5,100.6,16.2133333333333,4.14313472639153,117
2015,"3234","männlich",49,10.31,597.4,"14627","Meißen",241343,-0.11,118391,"Sachsen",3.72666666666667,2.99,41.7,46.0666666666667,16.26,3.91202300542815,101
2015,"3234","weiblich",52,10.31,597.4,"14627","Meißen",241343,-0.11,122952,"Sachsen",3.72666666666667,2.99,41.7,46.0666666666667,16.26,3.97029191355212,101
2016,"3234","männlich",67,9.75,642.1,"14627","Meißen",241343,-0.11,118391,"Sachsen",2.19333333333333,3.72666666666667,69.05,70.4333333333333,16.9233333333333,4.21950770517611,157
2016,"3234","weiblich",90,9.75,642.1,"14627","Meißen",241343,-0.11,122952,"Sachsen",2.19333333333333,3.72666666666667,69.05,70.4333333333333,16.9233333333333,4.51085950651685,157
2018,"3234","männlich",51,10.64,415.5,"14627","Meißen",241343,-0.11,118391,"Sachsen",2.18666666666667,0.873333333333333,28.65,28.2333333333333,18.11,3.95124371858143,137
2018,"3234","weiblich",86,10.64,415.5,"14627","Meißen",241343,-0.11,122952,"Sachsen",2.18666666666667,0.873333333333333,28.65,28.2333333333333,18.11,4.46590811865458,137
2019,"3234","männlich",54,10.73,471.9,"14627","Meißen",241343,-0.11,118391,"Sachsen",2.80666666666667,2.18666666666667,39.5,33.6666666666667,17.2133333333333,4.00733318523247,147
2019,"3234","weiblich",93,10.73,471.9,"14627","Meißen",241343,-0.11,122952,"Sachsen",2.80666666666667,2.18666666666667,39.5,33.6666666666667,17.2133333333333,4.54329478227,147
2020,"3234","männlich",50,10.71,594.2,"14627","Meißen",241343,-0.11,118391,"Sachsen",4.34,2.80666666666667,48.2,43.8666666666667,16.0566666666667,3.93182563272433,109
2020,"3234","weiblich",59,10.71,594.2,"14627","Meißen",241343,-0.11,122952,"Sachsen",4.34,2.80666666666667,48.2,43.8666666666667,16.0566666666667,4.0943445622221,109
2021,"3234","männlich",49,9.33,703.1,"14627","Meißen",241343,-0.11,118391,"Sachsen",1.29666666666667,4.34,75.6,98.6333333333333,16.8466666666667,3.91202300542815,104
2021,"3234","weiblich",55,9.33,703.1,"14627","Meißen",241343,-0.11,122952,"Sachsen",1.29666666666667,4.34,75.6,98.6333333333333,16.8466666666667,4.02535169073515,104
2022,"3234","männlich",51,10.49,478.7,"14627","Meißen",241343,-0.11,118391,"Sachsen",3.41,1.29666666666667,25.55,24.1,17.5066666666667,3.95124371858143,142
2022,"3234","weiblich",91,10.49,478.7,"14627","Meißen",241343,-0.11,122952,"Sachsen",3.41,1.29666666666667,25.55,24.1,17.5066666666667,4.52178857704904,142
2011,"2985","männlich",134,9.25,759.1,"14628","Sächsische Schweiz-Osterzgebirge",246204,-0.08,121264,"Sachsen",0.446666666666667,-3.77333333333333,60.05,105.333333333333,15.7366666666667,4.90527477843843,309
2011,"2985","weiblich",175,9.25,759.1,"14628","Sächsische Schweiz-Osterzgebirge",246204,-0.08,124940,"Sachsen",0.446666666666667,-3.77333333333333,60.05,105.333333333333,15.7366666666667,5.17048399503815,309
2012,"2985","männlich",76,8.69,913.3,"14628","Sächsische Schweiz-Osterzgebirge",246204,-0.08,121264,"Sachsen",-1.5,0.446666666666667,81.25,102.033333333333,16.2966666666667,4.34380542185368,163
2012,"2985","weiblich",87,8.69,913.3,"14628","Sächsische Schweiz-Osterzgebirge",246204,-0.08,124940,"Sachsen",-1.5,0.446666666666667,81.25,102.033333333333,16.2966666666667,4.47733681447821,163
2013,"2985","männlich",114,8.22,886.5,"14628","Sächsische Schweiz-Osterzgebirge",246204,-0.08,121264,"Sachsen",-0.213333333333333,-1.5,167.3,131.3,15.8966666666667,4.74493212836325,264
2013,"2985","weiblich",150,8.22,886.5,"14628","Sächsische Schweiz-Osterzgebirge",246204,-0.08,124940,"Sachsen",-0.213333333333333,-1.5,167.3,131.3,15.8966666666667,5.01727983681492,264
2015,"2985","männlich",54,9.87,751.8,"14628","Sächsische Schweiz-Osterzgebirge",246204,-0.08,121264,"Sachsen",2.51666666666667,1.93,52.2,53.1666666666667,16.0033333333333,4.00733318523247,149
2015,"2985","weiblich",95,9.87,751.8,"14628","Sächsische Schweiz-Osterzgebirge",246204,-0.08,124940,"Sachsen",2.51666666666667,1.93,52.2,53.1666666666667,16.0033333333333,4.56434819146784,149
2016,"2985","männlich",135,9.12,929.9,"14628","Sächsische Schweiz-Osterzgebirge",246204,-0.08,121264,"Sachsen",1.10333333333333,2.51666666666667,123.6,112.866666666667,16.5966666666667,4.91265488573605,306
2016,"2985","weiblich",171,9.12,929.9,"14628","Sächsische Schweiz-Osterzgebirge",246204,-0.08,124940,"Sachsen",1.10333333333333,2.51666666666667,123.6,112.866666666667,16.5966666666667,5.14749447681345,306
2017,"2985","männlich",102,9.13,925.6,"14628","Sächsische Schweiz-Osterzgebirge",246204,-0.08,121264,"Sachsen",-0.12,1.10333333333333,56.7,87.8,16.7633333333333,4.63472898822964,284
2017,"2985","weiblich",182,9.13,925.6,"14628","Sächsische Schweiz-Osterzgebirge",246204,-0.08,124940,"Sachsen",-0.12,1.10333333333333,56.7,87.8,16.7633333333333,5.20948615284142,284
2018,"2985","männlich",129,10.35,480.6,"14628","Sächsische Schweiz-Osterzgebirge",246204,-0.08,121264,"Sachsen",0.826666666666667,-0.12,31.7,27.9333333333333,18.2866666666667,4.86753445045558,306
2018,"2985","weiblich",177,10.35,480.6,"14628","Sächsische Schweiz-Osterzgebirge",246204,-0.08,124940,"Sachsen",0.826666666666667,-0.12,31.7,27.9333333333333,18.2866666666667,5.18178355029209,306
2019,"2985","männlich",116,10.31,741.2,"14628","Sächsische Schweiz-Osterzgebirge",246204,-0.08,121264,"Sachsen",1.84666666666667,0.826666666666667,82.35,78.8,17.06,4.76217393479776,279
2019,"2985","weiblich",163,10.31,741.2,"14628","Sächsische Schweiz-Osterzgebirge",246204,-0.08,124940,"Sachsen",1.84666666666667,0.826666666666667,82.35,78.8,17.06,5.0998664278242,279
2020,"2985","männlich",119,10.04,764.7,"14628","Sächsische Schweiz-Osterzgebirge",246204,-0.08,121264,"Sachsen",2.98333333333333,1.84666666666667,82.3,74.1333333333333,15.4933333333333,4.78749174278205,309
2020,"2985","weiblich",190,10.04,764.7,"14628","Sächsische Schweiz-Osterzgebirge",246204,-0.08,124940,"Sachsen",2.98333333333333,1.84666666666667,82.3,74.1333333333333,15.4933333333333,5.25227342804663,309
2021,"2985","männlich",117,8.66,863.4,"14628","Sächsische Schweiz-Osterzgebirge",246204,-0.08,121264,"Sachsen",0.0133333333333333,2.98333333333333,89.65,117.7,16.4533333333333,4.77068462446567,293
2021,"2985","weiblich",176,8.66,863.4,"14628","Sächsische Schweiz-Osterzgebirge",246204,-0.08,124940,"Sachsen",0.0133333333333333,2.98333333333333,89.65,117.7,16.4533333333333,5.17614973257383,293
2022,"2985","männlich",112,10.09,618.4,"14628","Sächsische Schweiz-Osterzgebirge",246204,-0.08,121264,"Sachsen",2.20333333333333,0.0133333333333333,41.65,36.8333333333333,17.6866666666667,4.72738781871234,261
2022,"2985","weiblich",149,10.09,618.4,"14628","Sächsische Schweiz-Osterzgebirge",246204,-0.08,124940,"Sachsen",2.20333333333333,0.0133333333333333,41.65,36.8333333333333,17.6866666666667,5.01063529409626,261
2011,"2928","männlich",22,10.22,613.6,"14729","Leipzig",260429,0.14,127570,"Sachsen",2.29333333333333,-2.82666666666667,41.3,71.3,16.62,3.13549421592915,52
2011,"2928","weiblich",30,10.22,613.6,"14729","Leipzig",260429,0.14,132859,"Sachsen",2.29333333333333,-2.82666666666667,41.3,71.3,16.62,3.43398720448515,52
2012,"2928","männlich",31,9.85,553.7,"14729","Leipzig",260429,0.14,127570,"Sachsen",0.51,2.29333333333333,64.75,70.3,16.8633333333333,3.46573590279973,64
2012,"2928","weiblich",33,9.85,553.7,"14729","Leipzig",260429,0.14,132859,"Sachsen",0.51,2.29333333333333,64.75,70.3,16.8633333333333,3.52636052461616,64
2013,"2928","männlich",30,9.28,720.1,"14729","Leipzig",260429,0.14,127570,"Sachsen",1.44,0.51,135.05,105.166666666667,16.63,3.43398720448515,63
2013,"2928","weiblich",33,9.28,720.1,"14729","Leipzig",260429,0.14,132859,"Sachsen",1.44,0.51,135.05,105.166666666667,16.63,3.52636052461616,63
2014,"2928","männlich",23,10.98,524.8,"14729","Leipzig",260429,0.14,127570,"Sachsen",3.32333333333333,1.44,71.15,67.8,16.8466666666667,3.17805383034795,42
2014,"2928","weiblich",19,10.98,524.8,"14729","Leipzig",260429,0.14,132859,"Sachsen",3.32333333333333,1.44,71.15,67.8,16.8466666666667,2.99573227355399,42
2015,"2928","männlich",27,10.7,571.5,"14729","Leipzig",260429,0.14,127570,"Sachsen",4.03333333333333,3.32333333333333,30.8,54.3666666666667,16.8233333333333,3.3322045101752,61
2015,"2928","weiblich",34,10.7,571.5,"14729","Leipzig",260429,0.14,132859,"Sachsen",4.03333333333333,3.32333333333333,30.8,54.3666666666667,16.8233333333333,3.55534806148941,61
2016,"2928","männlich",29,10.34,510.7,"14729","Leipzig",260429,0.14,127570,"Sachsen",2.50333333333333,4.03333333333333,55.75,51.3666666666667,17.7133333333333,3.40119738166216,65
2016,"2928","weiblich",36,10.34,510.7,"14729","Leipzig",260429,0.14,132859,"Sachsen",2.50333333333333,4.03333333333333,55.75,51.3666666666667,17.7133333333333,3.61091791264422,65
2017,"2928","männlich",21,10.35,675,"14729","Leipzig",260429,0.14,127570,"Sachsen",1.54333333333333,2.50333333333333,51.6,69.5333333333333,17.59,3.09104245335832,51
2017,"2928","weiblich",30,10.35,675,"14729","Leipzig",260429,0.14,132859,"Sachsen",1.54333333333333,2.50333333333333,51.6,69.5333333333333,17.59,3.43398720448515,51
2018,"2928","männlich",29,11.23,379.3,"14729","Leipzig",260429,0.14,127570,"Sachsen",2.49333333333333,1.54333333333333,35.4,33.6,19.15,3.40119738166216,62
2018,"2928","weiblich",33,11.23,379.3,"14729","Leipzig",260429,0.14,132859,"Sachsen",2.49333333333333,1.54333333333333,35.4,33.6,19.15,3.52636052461616,62
2019,"2928","männlich",33,11.37,475.1,"14729","Leipzig",260429,0.14,127570,"Sachsen",3.5,2.49333333333333,40.65,42.6333333333333,18.0866666666667,3.52636052461616,75
2019,"2928","weiblich",42,11.37,475.1,"14729","Leipzig",260429,0.14,132859,"Sachsen",3.5,2.49333333333333,40.65,42.6333333333333,18.0866666666667,3.76120011569356,75
2020,"2928","männlich",14,11.48,490.5,"14729","Leipzig",260429,0.14,127570,"Sachsen",4.82,3.5,41.75,35.2333333333333,16.84,2.70805020110221,40
2020,"2928","weiblich",26,11.48,490.5,"14729","Leipzig",260429,0.14,132859,"Sachsen",4.82,3.5,41.75,35.2333333333333,16.84,3.29583686600433,40
2021,"2928","männlich",21,9.95,763,"14729","Leipzig",260429,0.14,127570,"Sachsen",1.85,4.82,77.45,85.6333333333333,17.4666666666667,3.09104245335832,51
2021,"2928","weiblich",30,9.95,763,"14729","Leipzig",260429,0.14,132859,"Sachsen",1.85,4.82,77.45,85.6333333333333,17.4666666666667,3.43398720448515,51
2022,"2928","männlich",15,11.21,490.3,"14729","Leipzig",260429,0.14,127570,"Sachsen",3.77333333333333,1.85,27.45,32.7666666666667,18.49,2.77258872223978,53
2022,"2928","weiblich",38,11.21,490.3,"14729","Leipzig",260429,0.14,132859,"Sachsen",3.77333333333333,1.85,27.45,32.7666666666667,18.49,3.66356164612965,53
2023,"2928","männlich",11,11.44,758.1,"14729","Leipzig",260429,0.14,127570,"Sachsen",4.28666666666667,3.77333333333333,31.9,37.6,17.6533333333333,2.484906649788,21
2023,"2928","weiblich",10,11.44,758.1,"14729","Leipzig",260429,0.14,132859,"Sachsen",4.28666666666667,3.77333333333333,31.9,37.6,17.6533333333333,2.39789527279837,21
2011,"2641","männlich",12,10,559,"14730","Nordsachsen",199824,-0.06,99026,"Sachsen",2.00666666666667,-3.23,35.9,79.9,16.7766666666667,2.56494935746154,26
2011,"2641","weiblich",14,10,559,"14730","Nordsachsen",199824,-0.06,100798,"Sachsen",2.00666666666667,-3.23,35.9,79.9,16.7766666666667,2.70805020110221,26
2012,"2641","männlich",7,9.67,521.1,"14730","Nordsachsen",199824,-0.06,99026,"Sachsen",0.286666666666667,2.00666666666667,54.5,62.8666666666667,16.8766666666667,2.07944154167984,17
2012,"2641","weiblich",10,9.67,521.1,"14730","Nordsachsen",199824,-0.06,100798,"Sachsen",0.286666666666667,2.00666666666667,54.5,62.8666666666667,16.8766666666667,2.39789527279837,17
2014,"2641","männlich",14,10.78,435.1,"14730","Nordsachsen",199824,-0.06,99026,"Sachsen",3.00666666666667,1.28333333333333,60.85,61.3666666666667,16.8366666666667,2.70805020110221,32
2014,"2641","weiblich",18,10.78,435.1,"14730","Nordsachsen",199824,-0.06,100798,"Sachsen",3.00666666666667,1.28333333333333,60.85,61.3666666666667,16.8366666666667,2.94443897916644,32
2015,"2641","männlich",17,10.58,598,"14730","Nordsachsen",199824,-0.06,99026,"Sachsen",3.90666666666667,3.00666666666667,34.35,60.4333333333333,16.76,2.89037175789616,38
2015,"2641","weiblich",21,10.58,598,"14730","Nordsachsen",199824,-0.06,100798,"Sachsen",3.90666666666667,3.00666666666667,34.35,60.4333333333333,16.76,3.09104245335832,38
2017,"2641","männlich",16,10.12,560.7,"14730","Nordsachsen",199824,-0.06,99026,"Sachsen",1.12333333333333,2.13333333333333,43.5,56.6333333333333,17.56,2.83321334405622,37
2017,"2641","weiblich",21,10.12,560.7,"14730","Nordsachsen",199824,-0.06,100798,"Sachsen",1.12333333333333,2.13333333333333,43.5,56.6333333333333,17.56,3.09104245335832,37
2018,"2641","männlich",16,11.02,314.9,"14730","Nordsachsen",199824,-0.06,99026,"Sachsen",2.26333333333333,1.12333333333333,15.7,19.2666666666667,19.2,2.83321334405622,42
2018,"2641","weiblich",26,11.02,314.9,"14730","Nordsachsen",199824,-0.06,100798,"Sachsen",2.26333333333333,1.12333333333333,15.7,19.2666666666667,19.2,3.29583686600433,42
2020,"2641","männlich",10,11.17,524.8,"14730","Nordsachsen",199824,-0.06,99026,"Sachsen",4.57333333333333,3.24333333333333,37.35,34.7333333333333,16.7266666666667,2.39789527279837,26
2020,"2641","weiblich",16,11.17,524.8,"14730","Nordsachsen",199824,-0.06,100798,"Sachsen",4.57333333333333,3.24333333333333,37.35,34.7333333333333,16.7266666666667,2.83321334405622,26
2021,"2641","männlich",21,9.74,623.4,"14730","Nordsachsen",199824,-0.06,99026,"Sachsen",1.30333333333333,4.57333333333333,69.65,73,17.4666666666667,3.09104245335832,42
2021,"2641","weiblich",21,9.74,623.4,"14730","Nordsachsen",199824,-0.06,100798,"Sachsen",1.30333333333333,4.57333333333333,69.65,73,17.4666666666667,3.09104245335832,42
2022,"2641","männlich",21,10.97,491.1,"14730","Nordsachsen",199824,-0.06,99026,"Sachsen",3.7,1.30333333333333,42.4,36.2666666666667,18.3433333333333,3.09104245335832,40
2022,"2641","weiblich",19,10.97,491.1,"14730","Nordsachsen",199824,-0.06,100798,"Sachsen",3.7,1.30333333333333,42.4,36.2666666666667,18.3433333333333,2.99573227355399,40
2023,"2641","männlich",14,11.38,649.1,"14730","Nordsachsen",199824,-0.06,99026,"Sachsen",4.14666666666667,3.7,19.05,31.7666666666667,17.7266666666667,2.70805020110221,33
2023,"2641","weiblich",19,11.38,649.1,"14730","Nordsachsen",199824,-0.06,100798,"Sachsen",4.14666666666667,3.7,19.05,31.7666666666667,17.7266666666667,2.99573227355399,33
2011,"3904","männlich",41,10.75,593.4,"10042","Merzig-Wadern",104425,-0.02,51552,"Saarland",4.04,0.13,47.9,56.3666666666667,16.1033333333333,3.73766961828337,82
2011,"3904","weiblich",41,10.75,593.4,"10042","Merzig-Wadern",104425,-0.02,52873,"Saarland",4.04,0.13,47.9,56.3666666666667,16.1033333333333,3.73766961828337,82
2012,"3904","männlich",26,10.03,705.2,"10042","Merzig-Wadern",104425,-0.02,51552,"Saarland",2.29,4.04,86,80.6666666666667,16.12,3.29583686600433,75
2012,"3904","weiblich",49,10.03,705.2,"10042","Merzig-Wadern",104425,-0.02,52873,"Saarland",2.29,4.04,86,80.6666666666667,16.12,3.91202300542815,75
2013,"3904","männlich",43,9.73,802.8,"10042","Merzig-Wadern",104425,-0.02,51552,"Saarland",2.26666666666667,2.29,109.9,86.4666666666667,16.18,3.78418963391826,89
2013,"3904","weiblich",46,9.73,802.8,"10042","Merzig-Wadern",104425,-0.02,52873,"Saarland",2.26666666666667,2.29,109.9,86.4666666666667,16.18,3.85014760171006,89
2014,"3904","männlich",18,11.26,721.9,"10042","Merzig-Wadern",104425,-0.02,51552,"Saarland",4.84666666666667,2.26666666666667,43.6,61.9666666666667,16.7166666666667,2.94443897916644,50
2014,"3904","weiblich",32,11.26,721.9,"10042","Merzig-Wadern",104425,-0.02,52873,"Saarland",4.84666666666667,2.26666666666667,43.6,61.9666666666667,16.7166666666667,3.49650756146648,50
2015,"3904","männlich",12,10.8,581.1,"10042","Merzig-Wadern",104425,-0.02,51552,"Saarland",4.01,4.84666666666667,38.6,42.6,17.13,2.56494935746154,20
2015,"3904","weiblich",8,10.8,581.1,"10042","Merzig-Wadern",104425,-0.02,52873,"Saarland",4.01,4.84666666666667,38.6,42.6,17.13,2.19722457733622,20
2016,"3904","männlich",16,10.26,738.7,"10042","Merzig-Wadern",104425,-0.02,51552,"Saarland",3.29333333333333,4.01,108.65,86.2333333333333,16.65,2.83321334405622,35
2016,"3904","weiblich",19,10.26,738.7,"10042","Merzig-Wadern",104425,-0.02,52873,"Saarland",3.29333333333333,4.01,108.65,86.2333333333333,16.65,2.99573227355399,35
2017,"3904","männlich",14,10.53,744.7,"10042","Merzig-Wadern",104425,-0.02,51552,"Saarland",2.61,3.29333333333333,74.85,88.6,18,2.70805020110221,31
2017,"3904","weiblich",17,10.53,744.7,"10042","Merzig-Wadern",104425,-0.02,52873,"Saarland",2.61,3.29333333333333,74.85,88.6,18,2.89037175789616,31
2019,"3904","männlich",24,10.8,752.6,"10042","Merzig-Wadern",104425,-0.02,51552,"Saarland",3.48333333333333,3.6,64.25,48.5,16.9733333333333,3.2188758248682,60
2019,"3904","weiblich",36,10.8,752.6,"10042","Merzig-Wadern",104425,-0.02,52873,"Saarland",3.48333333333333,3.6,64.25,48.5,16.9733333333333,3.61091791264422,60
2020,"3904","männlich",22,11.55,711.3,"10042","Merzig-Wadern",104425,-0.02,51552,"Saarland",5.39333333333333,3.48333333333333,64.9,50.2333333333333,16.3566666666667,3.13549421592915,47
2020,"3904","weiblich",25,11.55,711.3,"10042","Merzig-Wadern",104425,-0.02,52873,"Saarland",5.39333333333333,3.48333333333333,64.9,50.2333333333333,16.3566666666667,3.25809653802148,47
2022,"3904","männlich",10,11.71,634.1,"10042","Merzig-Wadern",104425,-0.02,51552,"Saarland",4.19333333333333,3.79333333333333,27.6,20.5,18.3933333333333,2.39789527279837,23
2022,"3904","weiblich",13,11.71,634.1,"10042","Merzig-Wadern",104425,-0.02,52873,"Saarland",4.19333333333333,3.79333333333333,27.6,20.5,18.3933333333333,2.63905732961526,23
2023,"3904","männlich",12,11.71,866.1,"10042","Merzig-Wadern",104425,-0.02,51552,"Saarland",5.02666666666667,4.19333333333333,23.7,42.9,17.92,2.56494935746154,23
2023,"3904","weiblich",11,11.71,866.1,"10042","Merzig-Wadern",104425,-0.02,52873,"Saarland",5.02666666666667,4.19333333333333,23.7,42.9,17.92,2.484906649788,23
2011,"3545","männlich",51,10.22,758.7,"10043","Neunkirchen",132283,-0.08,65064,"Saarland",3.21,-0.536666666666667,60.65,65.5333333333333,15.6533333333333,3.95124371858143,107
2011,"3545","weiblich",56,10.22,758.7,"10043","Neunkirchen",132283,-0.08,67219,"Saarland",3.21,-0.536666666666667,60.65,65.5333333333333,15.6533333333333,4.04305126783455,107
2012,"3545","männlich",6,9.59,882.8,"10043","Neunkirchen",132283,-0.08,65064,"Saarland",1.52666666666667,3.21,80.75,83.6666666666667,16.0333333333333,1.94591014905531,9
2012,"3545","weiblich",3,9.59,882.8,"10043","Neunkirchen",132283,-0.08,67219,"Saarland",1.52666666666667,3.21,80.75,83.6666666666667,16.0333333333333,1.38629436111989,9
2013,"3545","männlich",42,9.31,971.6,"10043","Neunkirchen",132283,-0.08,65064,"Saarland",1.63,1.52666666666667,112,89,15.93,3.76120011569356,68
2013,"3545","weiblich",26,9.31,971.6,"10043","Neunkirchen",132283,-0.08,67219,"Saarland",1.63,1.52666666666667,112,89,15.93,3.29583686600433,68
2014,"3545","männlich",25,10.85,839.3,"10043","Neunkirchen",132283,-0.08,65064,"Saarland",4.09666666666667,1.63,53.9,83.6333333333333,16.5633333333333,3.25809653802148,46
2014,"3545","weiblich",21,10.85,839.3,"10043","Neunkirchen",132283,-0.08,67219,"Saarland",4.09666666666667,1.63,53.9,83.6333333333333,16.5633333333333,3.09104245335832,46
2015,"3545","männlich",15,10.5,652.4,"10043","Neunkirchen",132283,-0.08,65064,"Saarland",3.33,4.09666666666667,38.95,34.4,17.2166666666667,2.77258872223978,27
2015,"3545","weiblich",12,10.5,652.4,"10043","Neunkirchen",132283,-0.08,67219,"Saarland",3.33,4.09666666666667,38.95,34.4,17.2166666666667,2.56494935746154,27
2016,"3545","männlich",12,10.07,911,"10043","Neunkirchen",132283,-0.08,65064,"Saarland",2.95333333333333,3.33,124.15,92.8333333333333,16.61,2.56494935746154,30
2016,"3545","weiblich",18,10.07,911,"10043","Neunkirchen",132283,-0.08,67219,"Saarland",2.95333333333333,3.33,124.15,92.8333333333333,16.61,2.94443897916644,30
2017,"3545","männlich",12,10.25,995.1,"10043","Neunkirchen",132283,-0.08,65064,"Saarland",2.17333333333333,2.95333333333333,65.85,104.6,17.65,2.56494935746154,25
2017,"3545","weiblich",13,10.25,995.1,"10043","Neunkirchen",132283,-0.08,67219,"Saarland",2.17333333333333,2.95333333333333,65.85,104.6,17.65,2.63905732961526,25
2018,"3545","männlich",20,11.02,859.8,"10043","Neunkirchen",132283,-0.08,65064,"Saarland",3.18,2.17333333333333,121.7,96.2,18.38,3.04452243772342,45
2018,"3545","weiblich",25,11.02,859.8,"10043","Neunkirchen",132283,-0.08,67219,"Saarland",3.18,2.17333333333333,121.7,96.2,18.38,3.25809653802148,45
2019,"3545","männlich",17,10.61,927.1,"10043","Neunkirchen",132283,-0.08,65064,"Saarland",3.13666666666667,3.18,54.8,47.0666666666667,17.0066666666667,2.89037175789616,48
2019,"3545","weiblich",31,10.61,927.1,"10043","Neunkirchen",132283,-0.08,67219,"Saarland",3.13666666666667,3.18,54.8,47.0666666666667,17.0066666666667,3.46573590279973,48
2020,"3545","männlich",5,11.09,854.8,"10043","Neunkirchen",132283,-0.08,65064,"Saarland",4.70666666666667,3.13666666666667,60.4,47.0666666666667,16.2433333333333,1.79175946922805,7
2020,"3545","weiblich",2,11.09,854.8,"10043","Neunkirchen",132283,-0.08,67219,"Saarland",4.70666666666667,3.13666666666667,60.4,47.0666666666667,16.2433333333333,1.09861228866811,7
2021,"3545","männlich",20,9.58,957.5,"10043","Neunkirchen",132283,-0.08,65064,"Saarland",3.09666666666667,4.70666666666667,129.6,133.166666666667,15.8766666666667,3.04452243772342,49
2021,"3545","weiblich",29,9.58,957.5,"10043","Neunkirchen",132283,-0.08,67219,"Saarland",3.09666666666667,4.70666666666667,129.6,133.166666666667,15.8766666666667,3.40119738166216,49
2022,"3545","männlich",17,11.3,908,"10043","Neunkirchen",132283,-0.08,65064,"Saarland",3.68,3.09666666666667,42.85,30.9666666666667,18.1866666666667,2.89037175789616,24
2022,"3545","weiblich",7,11.3,908,"10043","Neunkirchen",132283,-0.08,67219,"Saarland",3.68,3.09666666666667,42.85,30.9666666666667,18.1866666666667,2.07944154167984,24
2023,"3545","männlich",17,11.4,1097.2,"10043","Neunkirchen",132283,-0.08,65064,"Saarland",4.65333333333333,3.68,22.9,51.7333333333333,17.8333333333333,2.89037175789616,35
2023,"3545","weiblich",18,11.4,1097.2,"10043","Neunkirchen",132283,-0.08,67219,"Saarland",4.65333333333333,3.68,22.9,51.7333333333333,17.8333333333333,2.94443897916644,35
2011,"460","männlich",23,10.46,665.3,"10044","Saarlouis",195749,-0.06,95910,"Saarland",2.84,-1.07666666666667,58.75,59.7333333333333,15.7233333333333,3.17805383034795,58
2011,"460","weiblich",35,10.46,665.3,"10044","Saarlouis",195749,-0.06,99839,"Saarland",2.84,-1.07666666666667,58.75,59.7333333333333,15.7233333333333,3.58351893845611,58
2012,"460","männlich",38,9.68,760.5,"10044","Saarlouis",195749,-0.06,95910,"Saarland",1.29333333333333,2.84,70.25,71.2333333333333,15.6633333333333,3.66356164612965,80
2012,"460","weiblich",42,9.68,760.5,"10044","Saarlouis",195749,-0.06,99839,"Saarland",1.29333333333333,2.84,70.25,71.2333333333333,15.6633333333333,3.76120011569356,80
2014,"460","männlich",13,10.89,806.7,"10044","Saarlouis",195749,-0.06,95910,"Saarland",3.73666666666667,1.06666666666667,47.75,85.4,16.4466666666667,2.63905732961526,30
2014,"460","weiblich",17,10.89,806.7,"10044","Saarlouis",195749,-0.06,99839,"Saarland",3.73666666666667,1.06666666666667,47.75,85.4,16.4466666666667,2.89037175789616,30
2016,"460","männlich",6,9.84,866.6,"10044","Saarlouis",195749,-0.06,95910,"Saarland",2.46333333333333,3.15666666666667,116.65,87.1666666666667,16.1133333333333,1.94591014905531,13
2016,"460","weiblich",7,9.84,866.6,"10044","Saarlouis",195749,-0.06,99839,"Saarland",2.46333333333333,3.15666666666667,116.65,87.1666666666667,16.1133333333333,2.07944154167984,13
2017,"460","männlich",16,10.26,828.7,"10044","Saarlouis",195749,-0.06,95910,"Saarland",1.73,2.46333333333333,54.8,69.4666666666667,17.7366666666667,2.83321334405622,35
2017,"460","weiblich",19,10.26,828.7,"10044","Saarlouis",195749,-0.06,99839,"Saarland",1.73,2.46333333333333,54.8,69.4666666666667,17.7366666666667,2.99573227355399,35
2018,"460","männlich",42,11.19,810.4,"10044","Saarlouis",195749,-0.06,95910,"Saarland",2.43333333333333,1.73,96.2,68,18.6833333333333,3.76120011569356,73
2018,"460","weiblich",31,11.19,810.4,"10044","Saarlouis",195749,-0.06,99839,"Saarland",2.43333333333333,1.73,96.2,68,18.6833333333333,3.46573590279973,73
2019,"460","männlich",26,10.74,839.3,"10044","Saarlouis",195749,-0.06,95910,"Saarland",3.36333333333333,2.43333333333333,43.95,39.5333333333333,17.1566666666667,3.29583686600433,73
2019,"460","weiblich",47,10.74,839.3,"10044","Saarlouis",195749,-0.06,99839,"Saarland",3.36333333333333,2.43333333333333,43.95,39.5333333333333,17.1566666666667,3.87120101090789,73
2020,"460","männlich",43,11.26,829.1,"10044","Saarlouis",195749,-0.06,95910,"Saarland",4.19,3.36333333333333,65.15,47.7333333333333,16.43,3.78418963391826,86
2020,"460","weiblich",43,11.26,829.1,"10044","Saarlouis",195749,-0.06,99839,"Saarland",4.19,3.36333333333333,65.15,47.7333333333333,16.43,3.78418963391826,86
2021,"460","männlich",19,9.65,786,"10044","Saarlouis",195749,-0.06,95910,"Saarland",2.94666666666667,4.19,67.4,87.6,15.6766666666667,2.99573227355399,34
2021,"460","weiblich",15,9.65,786,"10044","Saarlouis",195749,-0.06,99839,"Saarland",2.94666666666667,4.19,67.4,87.6,15.6766666666667,2.77258872223978,34
2022,"460","männlich",26,11.53,779.9,"10044","Saarlouis",195749,-0.06,95910,"Saarland",3.17333333333333,2.94666666666667,49.4,37.1,18.61,3.29583686600433,44
2022,"460","weiblich",18,11.53,779.9,"10044","Saarlouis",195749,-0.06,99839,"Saarland",3.17333333333333,2.94666666666667,49.4,37.1,18.61,2.94443897916644,44
2011,"4336","männlich",32,10.49,685.9,"10041","Regionalverband Saarbrücken",330848,-0.03,162630,"Saarland",2.95666666666667,-0.853333333333333,66.55,69.9,15.7833333333333,3.49650756146648,116
2011,"4336","männlich",32,10.49,685.9,"10045","Saarpfalz-Kreis",142419,-0.07,69192,"Saarland",2.95666666666667,-0.853333333333333,66.55,69.9,15.7833333333333,3.49650756146648,116
2011,"4336","weiblich",27,10.49,685.9,"10041","Regionalverband Saarbrücken",330848,-0.03,168218,"Saarland",2.95666666666667,-0.853333333333333,66.55,69.9,15.7833333333333,3.3322045101752,116
2011,"4336","weiblich",27,10.49,685.9,"10045","Saarpfalz-Kreis",142419,-0.07,73227,"Saarland",2.95666666666667,-0.853333333333333,66.55,69.9,15.7833333333333,3.3322045101752,116
2012,"4336","männlich",23,9.78,844.4,"10041","Regionalverband Saarbrücken",330848,-0.03,162630,"Saarland",1.31,2.95666666666667,102.75,95.4333333333333,15.9466666666667,3.17805383034795,143
2012,"4336","männlich",23,9.78,844.4,"10045","Saarpfalz-Kreis",142419,-0.07,69192,"Saarland",1.31,2.95666666666667,102.75,95.4333333333333,15.9466666666667,3.17805383034795,143
2012,"4336","weiblich",35,9.78,844.4,"10041","Regionalverband Saarbrücken",330848,-0.03,168218,"Saarland",1.31,2.95666666666667,102.75,95.4333333333333,15.9466666666667,3.58351893845611,143
2012,"4336","weiblich",35,9.78,844.4,"10045","Saarpfalz-Kreis",142419,-0.07,73227,"Saarland",1.31,2.95666666666667,102.75,95.4333333333333,15.9466666666667,3.58351893845611,143
2013,"4336","männlich",27,9.21,973,"10041","Regionalverband Saarbrücken",330848,-0.03,162630,"Saarland",1.33,1.31,120.85,94.4333333333333,15.84,3.3322045101752,111
2013,"4336","männlich",27,9.21,973,"10045","Saarpfalz-Kreis",142419,-0.07,69192,"Saarland",1.33,1.31,120.85,94.4333333333333,15.84,3.3322045101752,111
2013,"4336","weiblich",23,9.21,973,"10041","Regionalverband Saarbrücken",330848,-0.03,168218,"Saarland",1.33,1.31,120.85,94.4333333333333,15.84,3.17805383034795,111
2013,"4336","weiblich",23,9.21,973,"10045","Saarpfalz-Kreis",142419,-0.07,73227,"Saarland",1.33,1.31,120.85,94.4333333333333,15.84,3.17805383034795,111
2014,"4336","männlich",16,10.99,772.2,"10041","Regionalverband Saarbrücken",330848,-0.03,162630,"Saarland",4.01333333333333,1.33,52,78.7,16.5366666666667,2.83321334405622,50
2014,"4336","männlich",16,10.99,772.2,"10045","Saarpfalz-Kreis",142419,-0.07,69192,"Saarland",4.01333333333333,1.33,52,78.7,16.5366666666667,2.83321334405622,50
2014,"4336","weiblich",8,10.99,772.2,"10041","Regionalverband Saarbrücken",330848,-0.03,168218,"Saarland",4.01333333333333,1.33,52,78.7,16.5366666666667,2.19722457733622,50
2014,"4336","weiblich",8,10.99,772.2,"10045","Saarpfalz-Kreis",142419,-0.07,73227,"Saarland",4.01333333333333,1.33,52,78.7,16.5366666666667,2.19722457733622,50
2015,"4336","männlich",10,10.55,618,"10041","Regionalverband Saarbrücken",330848,-0.03,162630,"Saarland",3.26666666666667,4.01333333333333,41.85,34.1333333333333,17.08,2.39789527279837,59
2015,"4336","männlich",10,10.55,618,"10045","Saarpfalz-Kreis",142419,-0.07,69192,"Saarland",3.26666666666667,4.01333333333333,41.85,34.1333333333333,17.08,2.39789527279837,59
2015,"4336","weiblich",22,10.55,618,"10041","Regionalverband Saarbrücken",330848,-0.03,168218,"Saarland",3.26666666666667,4.01333333333333,41.85,34.1333333333333,17.08,3.13549421592915,59
2015,"4336","weiblich",22,10.55,618,"10045","Saarpfalz-Kreis",142419,-0.07,73227,"Saarland",3.26666666666667,4.01333333333333,41.85,34.1333333333333,17.08,3.13549421592915,59
2016,"4336","männlich",20,9.84,854,"10041","Regionalverband Saarbrücken",330848,-0.03,162630,"Saarland",2.54,3.26666666666667,113.15,90.0333333333333,16.2466666666667,3.04452243772342,68
2016,"4336","männlich",20,9.84,854,"10045","Saarpfalz-Kreis",142419,-0.07,69192,"Saarland",2.54,3.26666666666667,113.15,90.0333333333333,16.2466666666667,3.04452243772342,68
2016,"4336","weiblich",20,9.84,854,"10041","Regionalverband Saarbrücken",330848,-0.03,168218,"Saarland",2.54,3.26666666666667,113.15,90.0333333333333,16.2466666666667,3.04452243772342,68
2016,"4336","weiblich",20,9.84,854,"10045","Saarpfalz-Kreis",142419,-0.07,73227,"Saarland",2.54,3.26666666666667,113.15,90.0333333333333,16.2466666666667,3.04452243772342,68
2017,"4336","männlich",20,10.17,960.2,"10041","Regionalverband Saarbrücken",330848,-0.03,162630,"Saarland",1.79,2.54,88.55,94.2333333333333,17.5533333333333,3.04452243772342,59
2017,"4336","männlich",20,10.17,960.2,"10045","Saarpfalz-Kreis",142419,-0.07,69192,"Saarland",1.79,2.54,88.55,94.2333333333333,17.5533333333333,3.04452243772342,59
2017,"4336","weiblich",20,10.17,960.2,"10041","Regionalverband Saarbrücken",330848,-0.03,168218,"Saarland",1.79,2.54,88.55,94.2333333333333,17.5533333333333,3.04452243772342,59
2017,"4336","weiblich",20,10.17,960.2,"10045","Saarpfalz-Kreis",142419,-0.07,73227,"Saarland",1.79,2.54,88.55,94.2333333333333,17.5533333333333,3.04452243772342,59
2018,"4336","männlich",32,11.12,893.1,"10041","Regionalverband Saarbrücken",330848,-0.03,162630,"Saarland",2.70666666666667,1.79,105.65,89.3666666666667,18.41,3.49650756146648,117
2018,"4336","männlich",32,11.12,893.1,"10045","Saarpfalz-Kreis",142419,-0.07,69192,"Saarland",2.70666666666667,1.79,105.65,89.3666666666667,18.41,3.49650756146648,117
2018,"4336","weiblich",40,11.12,893.1,"10041","Regionalverband Saarbrücken",330848,-0.03,168218,"Saarland",2.70666666666667,1.79,105.65,89.3666666666667,18.41,3.71357206670431,117
2018,"4336","weiblich",40,11.12,893.1,"10045","Saarpfalz-Kreis",142419,-0.07,73227,"Saarland",2.70666666666667,1.79,105.65,89.3666666666667,18.41,3.71357206670431,117
2019,"4336","männlich",13,10.72,919.1,"10041","Regionalverband Saarbrücken",330848,-0.03,162630,"Saarland",3.35666666666667,2.70666666666667,48.85,49.5,16.9966666666667,2.63905732961526,74
2019,"4336","männlich",13,10.72,919.1,"10045","Saarpfalz-Kreis",142419,-0.07,69192,"Saarland",3.35666666666667,2.70666666666667,48.85,49.5,16.9966666666667,2.63905732961526,74
2019,"4336","weiblich",41,10.72,919.1,"10041","Regionalverband Saarbrücken",330848,-0.03,168218,"Saarland",3.35666666666667,2.70666666666667,48.85,49.5,16.9966666666667,3.73766961828337,74
2019,"4336","weiblich",41,10.72,919.1,"10045","Saarpfalz-Kreis",142419,-0.07,73227,"Saarland",3.35666666666667,2.70666666666667,48.85,49.5,16.9966666666667,3.73766961828337,74
2020,"4336","männlich",25,11.24,841.1,"10041","Regionalverband Saarbrücken",330848,-0.03,162630,"Saarland",4.48333333333333,3.35666666666667,58.25,45.8333333333333,16.4133333333333,3.25809653802148,105
2020,"4336","männlich",25,11.24,841.1,"10045","Saarpfalz-Kreis",142419,-0.07,69192,"Saarland",4.48333333333333,3.35666666666667,58.25,45.8333333333333,16.4133333333333,3.25809653802148,105
2020,"4336","weiblich",47,11.24,841.1,"10041","Regionalverband Saarbrücken",330848,-0.03,168218,"Saarland",4.48333333333333,3.35666666666667,58.25,45.8333333333333,16.4133333333333,3.87120101090789,105
2020,"4336","weiblich",47,11.24,841.1,"10045","Saarpfalz-Kreis",142419,-0.07,73227,"Saarland",4.48333333333333,3.35666666666667,58.25,45.8333333333333,16.4133333333333,3.87120101090789,105
2021,"4336","männlich",19,9.7,1047.2,"10041","Regionalverband Saarbrücken",330848,-0.03,162630,"Saarland",3.11666666666667,4.48333333333333,129.1,143.7,15.8666666666667,2.99573227355399,59
2021,"4336","männlich",19,9.7,1047.2,"10045","Saarpfalz-Kreis",142419,-0.07,69192,"Saarland",3.11666666666667,4.48333333333333,129.1,143.7,15.8666666666667,2.99573227355399,59
2021,"4336","weiblich",19,9.7,1047.2,"10041","Regionalverband Saarbrücken",330848,-0.03,168218,"Saarland",3.11666666666667,4.48333333333333,129.1,143.7,15.8666666666667,2.99573227355399,59
2021,"4336","weiblich",19,9.7,1047.2,"10045","Saarpfalz-Kreis",142419,-0.07,73227,"Saarland",3.11666666666667,4.48333333333333,129.1,143.7,15.8666666666667,2.99573227355399,59
2022,"4336","männlich",9,11.52,804,"10041","Regionalverband Saarbrücken",330848,-0.03,162630,"Saarland",3.30666666666667,3.11666666666667,57.5,41.7666666666667,18.3766666666667,2.30258509299405,35
2022,"4336","männlich",9,11.52,804,"10045","Saarpfalz-Kreis",142419,-0.07,69192,"Saarland",3.30666666666667,3.11666666666667,57.5,41.7666666666667,18.3766666666667,2.30258509299405,35
2022,"4336","weiblich",15,11.52,804,"10041","Regionalverband Saarbrücken",330848,-0.03,168218,"Saarland",3.30666666666667,3.11666666666667,57.5,41.7666666666667,18.3766666666667,2.77258872223978,35
2022,"4336","weiblich",15,11.52,804,"10045","Saarpfalz-Kreis",142419,-0.07,73227,"Saarland",3.30666666666667,3.11666666666667,57.5,41.7666666666667,18.3766666666667,2.77258872223978,35
2011,"5029","männlich",61,10.06,796,"10046","St. Wendel",86942,-0.11,42753,"Saarland",2.24666666666667,-1.60666666666667,41.7,51.9333333333333,15.4166666666667,4.12713438504509,142
2011,"5029","weiblich",81,10.06,796,"10046","St. Wendel",86942,-0.11,44189,"Saarland",2.24666666666667,-1.60666666666667,41.7,51.9333333333333,15.4166666666667,4.40671924726425,142
2012,"5029","männlich",11,9.33,932.3,"10046","St. Wendel",86942,-0.11,42753,"Saarland",0.873333333333333,2.24666666666667,91.65,88.4666666666667,15.3366666666667,2.484906649788,24
2012,"5029","weiblich",13,9.33,932.3,"10046","St. Wendel",86942,-0.11,44189,"Saarland",0.873333333333333,2.24666666666667,91.65,88.4666666666667,15.3366666666667,2.63905732961526,24
2014,"5029","männlich",25,10.67,886.6,"10046","St. Wendel",86942,-0.11,42753,"Saarland",3.45333333333333,0.803333333333333,59.8,84.2666666666667,16.24,3.25809653802148,47
2014,"5029","weiblich",22,10.67,886.6,"10046","St. Wendel",86942,-0.11,44189,"Saarland",3.45333333333333,0.803333333333333,59.8,84.2666666666667,16.24,3.13549421592915,47
2015,"5029","männlich",32,10.22,787.9,"10046","St. Wendel",86942,-0.11,42753,"Saarland",2.86,3.45333333333333,44.1,38.4333333333333,16.6366666666667,3.49650756146648,77
2015,"5029","weiblich",45,10.22,787.9,"10046","St. Wendel",86942,-0.11,44189,"Saarland",2.86,3.45333333333333,44.1,38.4333333333333,16.6366666666667,3.8286413964891,77
2016,"5029","männlich",43,9.57,1033.8,"10046","St. Wendel",86942,-0.11,42753,"Saarland",2.14,2.86,133.25,105.733333333333,15.9433333333333,3.78418963391826,88
2016,"5029","weiblich",45,9.57,1033.8,"10046","St. Wendel",86942,-0.11,44189,"Saarland",2.14,2.86,133.25,105.733333333333,15.9433333333333,3.8286413964891,88
2017,"5029","männlich",46,9.96,991.2,"10046","St. Wendel",86942,-0.11,42753,"Saarland",1.45333333333333,2.14,66,89.6,17.36,3.85014760171006,89
2017,"5029","weiblich",43,9.96,991.2,"10046","St. Wendel",86942,-0.11,44189,"Saarland",1.45333333333333,2.14,66,89.6,17.36,3.78418963391826,89
2018,"5029","männlich",106,10.95,965.5,"10046","St. Wendel",86942,-0.11,42753,"Saarland",2.15333333333333,1.45333333333333,94.15,75.1666666666667,18.3366666666667,4.67282883446191,224
2018,"5029","weiblich",118,10.95,965.5,"10046","St. Wendel",86942,-0.11,44189,"Saarland",2.15333333333333,1.45333333333333,94.15,75.1666666666667,18.3366666666667,4.77912349311153,224
2019,"5029","männlich",84,10.59,1007,"10046","St. Wendel",86942,-0.11,42753,"Saarland",3.28,2.15333333333333,69.9,64.2,16.9533333333333,4.44265125649032,179
2019,"5029","weiblich",95,10.59,1007,"10046","St. Wendel",86942,-0.11,44189,"Saarland",3.28,2.15333333333333,69.9,64.2,16.9533333333333,4.56434819146784,179
2020,"5029","männlich",110,11.11,986.4,"10046","St. Wendel",86942,-0.11,42753,"Saarland",4.07666666666667,3.28,66.25,49.7666666666667,16.21,4.70953020131233,247
2020,"5029","weiblich",137,11.11,986.4,"10046","St. Wendel",86942,-0.11,44189,"Saarland",4.07666666666667,3.28,66.25,49.7666666666667,16.21,4.92725368515721,247
2021,"5029","männlich",64,9.54,860.6,"10046","St. Wendel",86942,-0.11,42753,"Saarland",2.75666666666667,4.07666666666667,94.65,98.6666666666667,15.5766666666667,4.17438726989564,151
2021,"5029","weiblich",87,9.54,860.6,"10046","St. Wendel",86942,-0.11,44189,"Saarland",2.75666666666667,4.07666666666667,94.65,98.6666666666667,15.5766666666667,4.47733681447821,151
2023,"5029","männlich",37,11.12,1403.3,"10046","St. Wendel",86942,-0.11,42753,"Saarland",3.82666666666667,3.13333333333333,19.85,52.7,17.75,3.63758615972639,80
2023,"5029","weiblich",43,11.12,1403.3,"10046","St. Wendel",86942,-0.11,44189,"Saarland",3.82666666666667,3.13333333333333,19.85,52.7,17.75,3.78418963391826,80
2011,"4336","männlich",30,10.49,685.9,"10041","Regionalverband Saarbrücken",330848,-0.03,162630,"Saarland",2.95666666666667,-0.853333333333333,66.55,69.9,15.7833333333333,3.43398720448515,116
2011,"4336","männlich",30,10.49,685.9,"10045","Saarpfalz-Kreis",142419,-0.07,69192,"Saarland",2.95666666666667,-0.853333333333333,66.55,69.9,15.7833333333333,3.43398720448515,116
2011,"4336","weiblich",27,10.49,685.9,"10041","Regionalverband Saarbrücken",330848,-0.03,168218,"Saarland",2.95666666666667,-0.853333333333333,66.55,69.9,15.7833333333333,3.3322045101752,116
2011,"4336","weiblich",27,10.49,685.9,"10045","Saarpfalz-Kreis",142419,-0.07,73227,"Saarland",2.95666666666667,-0.853333333333333,66.55,69.9,15.7833333333333,3.3322045101752,116
2012,"4336","männlich",43,9.78,844.4,"10041","Regionalverband Saarbrücken",330848,-0.03,162630,"Saarland",1.31,2.95666666666667,102.75,95.4333333333333,15.9466666666667,3.78418963391826,143
2012,"4336","männlich",43,9.78,844.4,"10045","Saarpfalz-Kreis",142419,-0.07,69192,"Saarland",1.31,2.95666666666667,102.75,95.4333333333333,15.9466666666667,3.78418963391826,143
2012,"4336","weiblich",42,9.78,844.4,"10041","Regionalverband Saarbrücken",330848,-0.03,168218,"Saarland",1.31,2.95666666666667,102.75,95.4333333333333,15.9466666666667,3.76120011569356,143
2012,"4336","weiblich",42,9.78,844.4,"10045","Saarpfalz-Kreis",142419,-0.07,73227,"Saarland",1.31,2.95666666666667,102.75,95.4333333333333,15.9466666666667,3.76120011569356,143
2013,"4336","männlich",35,9.21,973,"10041","Regionalverband Saarbrücken",330848,-0.03,162630,"Saarland",1.33,1.31,120.85,94.4333333333333,15.84,3.58351893845611,111
2013,"4336","männlich",35,9.21,973,"10045","Saarpfalz-Kreis",142419,-0.07,69192,"Saarland",1.33,1.31,120.85,94.4333333333333,15.84,3.58351893845611,111
2013,"4336","weiblich",26,9.21,973,"10041","Regionalverband Saarbrücken",330848,-0.03,168218,"Saarland",1.33,1.31,120.85,94.4333333333333,15.84,3.29583686600433,111
2013,"4336","weiblich",26,9.21,973,"10045","Saarpfalz-Kreis",142419,-0.07,73227,"Saarland",1.33,1.31,120.85,94.4333333333333,15.84,3.29583686600433,111
2014,"4336","männlich",13,10.99,772.2,"10041","Regionalverband Saarbrücken",330848,-0.03,162630,"Saarland",4.01333333333333,1.33,52,78.7,16.5366666666667,2.63905732961526,50
2014,"4336","männlich",13,10.99,772.2,"10045","Saarpfalz-Kreis",142419,-0.07,69192,"Saarland",4.01333333333333,1.33,52,78.7,16.5366666666667,2.63905732961526,50
2014,"4336","weiblich",13,10.99,772.2,"10041","Regionalverband Saarbrücken",330848,-0.03,168218,"Saarland",4.01333333333333,1.33,52,78.7,16.5366666666667,2.63905732961526,50
2014,"4336","weiblich",13,10.99,772.2,"10045","Saarpfalz-Kreis",142419,-0.07,73227,"Saarland",4.01333333333333,1.33,52,78.7,16.5366666666667,2.63905732961526,50
2015,"4336","männlich",10,10.55,618,"10041","Regionalverband Saarbrücken",330848,-0.03,162630,"Saarland",3.26666666666667,4.01333333333333,41.85,34.1333333333333,17.08,2.39789527279837,59
2015,"4336","männlich",10,10.55,618,"10045","Saarpfalz-Kreis",142419,-0.07,69192,"Saarland",3.26666666666667,4.01333333333333,41.85,34.1333333333333,17.08,2.39789527279837,59
2015,"4336","weiblich",17,10.55,618,"10041","Regionalverband Saarbrücken",330848,-0.03,168218,"Saarland",3.26666666666667,4.01333333333333,41.85,34.1333333333333,17.08,2.89037175789616,59
2015,"4336","weiblich",17,10.55,618,"10045","Saarpfalz-Kreis",142419,-0.07,73227,"Saarland",3.26666666666667,4.01333333333333,41.85,34.1333333333333,17.08,2.89037175789616,59
2016,"4336","männlich",9,9.84,854,"10041","Regionalverband Saarbrücken",330848,-0.03,162630,"Saarland",2.54,3.26666666666667,113.15,90.0333333333333,16.2466666666667,2.30258509299405,68
2016,"4336","männlich",9,9.84,854,"10045","Saarpfalz-Kreis",142419,-0.07,69192,"Saarland",2.54,3.26666666666667,113.15,90.0333333333333,16.2466666666667,2.30258509299405,68
2016,"4336","weiblich",19,9.84,854,"10041","Regionalverband Saarbrücken",330848,-0.03,168218,"Saarland",2.54,3.26666666666667,113.15,90.0333333333333,16.2466666666667,2.99573227355399,68
2016,"4336","weiblich",19,9.84,854,"10045","Saarpfalz-Kreis",142419,-0.07,73227,"Saarland",2.54,3.26666666666667,113.15,90.0333333333333,16.2466666666667,2.99573227355399,68
2017,"4336","männlich",7,10.17,960.2,"10041","Regionalverband Saarbrücken",330848,-0.03,162630,"Saarland",1.79,2.54,88.55,94.2333333333333,17.5533333333333,2.07944154167984,59
2017,"4336","männlich",7,10.17,960.2,"10045","Saarpfalz-Kreis",142419,-0.07,69192,"Saarland",1.79,2.54,88.55,94.2333333333333,17.5533333333333,2.07944154167984,59
2017,"4336","weiblich",12,10.17,960.2,"10041","Regionalverband Saarbrücken",330848,-0.03,168218,"Saarland",1.79,2.54,88.55,94.2333333333333,17.5533333333333,2.56494935746154,59
2017,"4336","weiblich",12,10.17,960.2,"10045","Saarpfalz-Kreis",142419,-0.07,73227,"Saarland",1.79,2.54,88.55,94.2333333333333,17.5533333333333,2.56494935746154,59
2018,"4336","männlich",22,11.12,893.1,"10041","Regionalverband Saarbrücken",330848,-0.03,162630,"Saarland",2.70666666666667,1.79,105.65,89.3666666666667,18.41,3.13549421592915,117
2018,"4336","männlich",22,11.12,893.1,"10045","Saarpfalz-Kreis",142419,-0.07,69192,"Saarland",2.70666666666667,1.79,105.65,89.3666666666667,18.41,3.13549421592915,117
2018,"4336","weiblich",23,11.12,893.1,"10041","Regionalverband Saarbrücken",330848,-0.03,168218,"Saarland",2.70666666666667,1.79,105.65,89.3666666666667,18.41,3.17805383034795,117
2018,"4336","weiblich",23,11.12,893.1,"10045","Saarpfalz-Kreis",142419,-0.07,73227,"Saarland",2.70666666666667,1.79,105.65,89.3666666666667,18.41,3.17805383034795,117
2019,"4336","männlich",8,10.72,919.1,"10041","Regionalverband Saarbrücken",330848,-0.03,162630,"Saarland",3.35666666666667,2.70666666666667,48.85,49.5,16.9966666666667,2.19722457733622,74
2019,"4336","männlich",8,10.72,919.1,"10045","Saarpfalz-Kreis",142419,-0.07,69192,"Saarland",3.35666666666667,2.70666666666667,48.85,49.5,16.9966666666667,2.19722457733622,74
2019,"4336","weiblich",12,10.72,919.1,"10041","Regionalverband Saarbrücken",330848,-0.03,168218,"Saarland",3.35666666666667,2.70666666666667,48.85,49.5,16.9966666666667,2.56494935746154,74
2019,"4336","weiblich",12,10.72,919.1,"10045","Saarpfalz-Kreis",142419,-0.07,73227,"Saarland",3.35666666666667,2.70666666666667,48.85,49.5,16.9966666666667,2.56494935746154,74
2020,"4336","männlich",17,11.24,841.1,"10041","Regionalverband Saarbrücken",330848,-0.03,162630,"Saarland",4.48333333333333,3.35666666666667,58.25,45.8333333333333,16.4133333333333,2.89037175789616,105
2020,"4336","männlich",17,11.24,841.1,"10045","Saarpfalz-Kreis",142419,-0.07,69192,"Saarland",4.48333333333333,3.35666666666667,58.25,45.8333333333333,16.4133333333333,2.89037175789616,105
2020,"4336","weiblich",16,11.24,841.1,"10041","Regionalverband Saarbrücken",330848,-0.03,168218,"Saarland",4.48333333333333,3.35666666666667,58.25,45.8333333333333,16.4133333333333,2.83321334405622,105
2020,"4336","weiblich",16,11.24,841.1,"10045","Saarpfalz-Kreis",142419,-0.07,73227,"Saarland",4.48333333333333,3.35666666666667,58.25,45.8333333333333,16.4133333333333,2.83321334405622,105
2021,"4336","männlich",8,9.7,1047.2,"10041","Regionalverband Saarbrücken",330848,-0.03,162630,"Saarland",3.11666666666667,4.48333333333333,129.1,143.7,15.8666666666667,2.19722457733622,59
2021,"4336","männlich",8,9.7,1047.2,"10045","Saarpfalz-Kreis",142419,-0.07,69192,"Saarland",3.11666666666667,4.48333333333333,129.1,143.7,15.8666666666667,2.19722457733622,59
2021,"4336","weiblich",13,9.7,1047.2,"10041","Regionalverband Saarbrücken",330848,-0.03,168218,"Saarland",3.11666666666667,4.48333333333333,129.1,143.7,15.8666666666667,2.63905732961526,59
2021,"4336","weiblich",13,9.7,1047.2,"10045","Saarpfalz-Kreis",142419,-0.07,73227,"Saarland",3.11666666666667,4.48333333333333,129.1,143.7,15.8666666666667,2.63905732961526,59
2022,"4336","männlich",3,11.52,804,"10041","Regionalverband Saarbrücken",330848,-0.03,162630,"Saarland",3.30666666666667,3.11666666666667,57.5,41.7666666666667,18.3766666666667,1.38629436111989,35
2022,"4336","männlich",3,11.52,804,"10045","Saarpfalz-Kreis",142419,-0.07,69192,"Saarland",3.30666666666667,3.11666666666667,57.5,41.7666666666667,18.3766666666667,1.38629436111989,35
2022,"4336","weiblich",8,11.52,804,"10041","Regionalverband Saarbrücken",330848,-0.03,168218,"Saarland",3.30666666666667,3.11666666666667,57.5,41.7666666666667,18.3766666666667,2.19722457733622,35
2022,"4336","weiblich",8,11.52,804,"10045","Saarpfalz-Kreis",142419,-0.07,73227,"Saarland",3.30666666666667,3.11666666666667,57.5,41.7666666666667,18.3766666666667,2.19722457733622,35
